#Gene_Name,Entrez
GCLC,2729
NFYA,4800
CFTR,1080
CYP51A1,1595
KRIT1,889
HS3ST1,9957
MAD1L1,8379
M6PR,4074
CYP26B1,56603
CFLAR,8837
TFPI,7035
PLXND1,23129
FKBP4,2288
KDM1A,23028
ARX,170302
SLC4A1,6521
CALCR,799
DVL2,1856
UPF1,5976
LIG3,3980
CIAPIN1,57019
CREBBP,1387
MLL5,55904
MYCBP2,23077
ITGA3,3675
ZFX,7543
CRLF1,9244
DLX6,1750
GTF2IRD1,9569
PAFAH1B1,5048
SCN4A,6329
PAX6,5080
CACNA2D2,9254
JARID2,3720
TFAP2B,7021
ADAM22,53616
CELSR3,1951
NFIX,4784
PKD1,5310
MED24,9862
RPS20,6224
REV3L,5980
PAX7,5081
BAZ1B,9031
RANBP9,10048
TCEB3,6924
NME2,4831
MKS1,54903
ABHD5,51099
MBTD1,54799
ERCC1,2067
EXTL3,2137
PSMC4,5704
PGM3,5238
DDX11,1663
TACC3,10460
MDH1,4190
COX15,1355
ISL1,3670
ATP2C1,27032
IGF1,3479
CNTN1,1272
WWTR1,25937
AGPS,8540
ATP1A2,477
CYP24A1,1591
SNAI2,6591
HGF,3082
NCDN,23154
GPR124,25960
MNAT1,4331
RUNX3,864
MRE11A,4361
NRXN3,9369
CPS1,1373
GABRA1,2554
RB1CC1,9821
ALAS1,211
STRAP,11171
UBR2,23304
HSF2,3298
RTEL1-TNFRSF6B,100533107
PRKCH,5583
VEZT,55591
BCLAF1,9774
ANK1,286
TFB1M,51106
IKZF2,22807
PNPLA6,10908
IFT88,8100
FUT8,2530
UBA6,55236
PIAS1,8554
VCL,7414
CUL3,8452
OTC,5009
CASR,846
FLT4,2324
HOXC8,3224
TLL1,7092
TRIO,7204
VCAN,1462
CDH1,999
DNAH5,1767
INPP4A,3631
ZIC2,7546
LCP2,3937
ADRB1,153
CUL7,9820
CTNNA1,1495
EPHA3,2042
HSPA5,3309
DSG2,1829
VPS13D,55187
KITLG,4254
LTBP1,4052
ELN,2006
FOXP3,50943
BCAR1,9564
RAD51,5888
PIK3CB,5291
ALX4,60529
USE1,55850
LAMA3,3909
ARID4B,51742
HHAT,55733
KIF1B,23095
FOXC1,2296
GALC,2581
KCNH2,3757
CUL1,8454
TAB2,23118
MLL3,58508
MCOLN3,55283
ZFR,51663
PCGF2,7703
PKP2,5318
F7,2155
PRDM1,639
ATG5,9474
LAMC2,3918
PPP1R12A,4659
SLC2A3,6515
WNK1,65125
COL11A1,1301
HDAC7,51564
NCKAP1,10787
GUCY1B3,2983
DGAT2,84649
POLD1,5424
RNF4,6047
CASP8,841
DLX3,1747
NGFR,4804
CDON,50937
SLC12A2,6558
DDX20,11218
CALCRL,10203
AP3D1,8943
OAT,4942
NTN1,9423
MCM10,55388
ERBB3,2065
SPEN,23013
MAP2K4,6416
COL17A1,1308
MTHFD2,10797
CTNNA2,1496
ELAVL1,1994
TIE1,7075
SPI1,6688
FGFR2,2263
KIF26A,26153
ZFAT,57623
FECH,2235
KLF6,1316
NEO1,4756
CACNB1,782
PKM,5315
DHX29,54505
TRO,7216
SYT1,6857
ROCK1,6093
CBFB,865
HYAL2,8692
HDAC4,9759
FGFR3,2261
MEF2A,4205
INPP5A,3632
TTC7A,57217
CYFIP1,23191
KIF2A,3796
IFT80,57560
PITX1,5307
NUP133,55746
RORA,6095
TGFBR3,7049
NEDD4,4734
MAPK6,5597
GNB5,10681
LRP6,4040
IKBKAP,8518
SPTB,6710
FGF10,2255
MNT,4335
JMJD6,23210
POLB,5423
NDST1,3340
CNGB1,1258
CHAT,1103
TCOF1,6949
CDC42,998
ATP2B1,490
MAP4K4,9448
WDR1,9948
SNX13,23161
SEL1L,6400
TRIP13,9319
ATP6AP1,537
TCF3,6929
DAZAP1,26528
MBD3,53615
PDCD2,5134
PRKACA,5566
SPEG,10290
TFRC,7037
SREBF1,6720
AFF4,27125
MARK2,2011
NFATC3,4775
EVC,2121
DERL2,51009
AP1M1,8907
IKBKG,8517
XRCC1,7515
SCARB1,949
MCM2,4171
TP63,8626
LLGL2,3993
NLE1,54475
KDM5A,5927
FERMT2,10979
PTGS2,5743
GLI2,2736
CLNS1A,1207
TEAD2,8463
TSG101,7251
NUAK1,9891
LMAN1,3998
ENO1,2023
SLC12A1,6557
KCNQ2,3785
SEMA3A,10371
SEMA3C,10512
CELSR1,9620
FGF4,2249
MARK3,4140
FNDC3B,64778
FOSL2,2355
ACTB,60
DLG1,1739
PAX2,5076
KIFAP3,22920
MCM6,4175
PTPN23,25930
MLH1,4292
TRAF4,9618
XAB2,56949
MAP2K7,5609
DGKD,8527
ACTL6B,51412
TOP2B,7155
GTF3C1,2975
DCX,1641
SIRT6,51548
TYR,7299
PHF17,79960
UBE2A,7319
FGFR1,2260
GTF2I,2969
FBLN1,2192
ITGA8,8516
ARAF,369
PIK3C3,5289
TULP3,7289
GNB1,2782
EDN1,1906
ADCYAP1R1,117
NRD1,4898
CBFA2T2,9139
TP73,7161
RUNX1T1,862
THOC1,9984
XRCC5,7520
SENP1,29843
FDFT1,2222
KIF22,3835
DNM2,1785
RIMS1,22999
KEAP1,9817
RFX3,5991
RIF1,55183
SLC4A4,8671
CPB2,1361
CHRNA3,1136
KCNN2,3781
PSEN1,5663
RBL1,5933
MEF2C,4208
PTPRC,5788
CACNA1S,779
UBA5,79876
LRP2,4036
CCNT2,905
COL19A1,1310
NFE2L1,4779
GSK3B,2932
ERC1,23085
PALB2,79728
KAT6A,7994
GRHL2,79977
PDS5B,23047
OXCT1,5019
CYLD,1540
FAT1,2195
ZMPSTE24,10269
NOA1,84273
REST,5978
APLP2,334
APOB,338
HADHA,3030
ATRX,546
MECOM,2122
MAP3K4,4216
RRN3,54700
CTTN,2017
WNT11,7481
ATG16L1,55054
POMGNT1,55624
B4GALT1,2683
CHMP5,51510
TMED2,10959
HSD17B2,3294
HUWE1,10075
MTMR2,8898
ACHE,43
SRRT,51593
NLK,51701
GNAO1,2775
ADD1,118
GNAS,2778
DNM1L,10059
PTHLH,5744
TFAP2C,7022
AURKA,6790
CNOT3,4849
DNMT3B,1789
FKBP1A,2280
SLC23A2,9962
KDM2B,84678
LHX5,64211
TASP1,55617
PXN,5829
KIF16B,55614
TBX5,6910
FUS,2521
BIRC5,332
LTBP4,8425
SLC9A1,6548
SPTLC1,10558
CCNK,8812
MAEA,10296
TFAP4,7023
CHRD,8646
EFNB1,1947
GLG1,2734
DLL3,10683
LAMB1,3912
SLC26A3,1811
DLD,1738
ITGA6,3655
FH,2271
TF,7018
APOH,350
SLC17A6,57084
ANGPT2,285
G2E3,55632
HECTD1,25831
HNRNPC,3183
GEMIN2,8487
TGM1,7051
TINF2,26277
TRPM7,54822
SNAP23,8773
TBX15,6913
PHGDH,26227
EZR,7430
TGFB2,7042
NUP50,10762
CDC45,8318
TMEM38B,55151
PTGS1,5742
SH2D3C,10044
CYP26A1,1592
HSP90AB1,3326
DSP,1832
SIRT1,23411
JAK2,3717
ABL1,25
CDC7,8317
PCSK5,5125
SCD,6319
NRP1,8829
HSD3B7,80270
MTAP,4507
SERPIND1,3053
CRKL,1399
CECR2,27443
SMARCB1,6598
CABIN1,23523
SF3A1,10291
PES1,23481
MAPK1,5594
PPM1F,9647
CARD10,29775
PLA2G3,50487
HIRA,7290
PATZ1,23598
TRIOBP,11078
SOX10,6663
DDX17,10521
CBY1,25776
XBP1,7494
SBF1,6305
HMOX1,3162
THOC5,8563
PDGFB,5155
TAB1,10454
MYH9,4627
TXN2,25828
NCF4,4689
RBX1,9978
EP300,2033
RANGAP1,5905
PHF5A,84844
BRD1,23774
PRMT5,10419
GNPNAT1,64841
KIAA0586,9786
DAAM1,23002
SPTLC2,9517
CHGA,1113
HIF1A,3091
DICER1,23405
MTHFD1,4522
TELO2,9894
PSMC1,5700
YY1,7528
TRIP11,9321
APEX1,328
ARHGAP5,394
CHD8,57680
NFKBIA,4792
REC8,9985
PNN,5411
GSS,2937
PROCR,10544
GINS1,9837
IFT52,51098
MYBL2,4605
HNF4A,3172
NDRG3,57446
SALL4,57167
ADNP,23394
BMP7,655
RAE1,8480
AVP,551
CHRNA4,1137
ARFRP1,10139
CSNK2A1,1457
CDS2,8760
PROKR2,128674
FERMT1,55612
PLCB4,5332
POFUT1,23509
KIF3B,9371
JAG1,182
CHMP4B,128866
SLC32A1,140679
ASIP,434
CELF4,56853
SMCHD1,23347
SMAD7,4092
LAMA1,284217
MIB1,57534
RBBP8,5932
ALG13,79868
F9,2158
GATA1,2623
NALCN,259232
KLF5,688
FGF9,2254
SUPT20H,55578
FLT1,2321
INTS6,26512
MGRN1,23295
NFAT5,10725
ZNF423,23090
CTCF,10664
PSMD7,5713
VAC14,55697
SMPD3,55512
AXIN1,8312
NPRL3,8131
TSC2,7249
LMF1,64788
FOXF1,2294
NARFL,64428
CLCN7,1186
STUB1,10273
UBE2I,7329
MEFV,4210
DNAJA3,9093
SALL1,6299
RBL2,5934
RPGRIP1L,23322
STX4,6810
BCKDK,10295
KAT8,84148
CSK,1445
FAH,2184
OCA2,4948
GABPB1,2553
DNAJC17,55192
SLC30A4,7782
FZD3,7976
EYA1,2138
NBN,4683
IMPAD1,54928
IKBKB,3551
JPH1,56704
TRPS1,7227
UBR5,51366
TSTA3,7264
ERI1,90459
MCM4,4173
ASAH1,427
GYS1,2997
RELB,5971
PPP1R13L,10848
ERCC2,2068
DOT1L,84444
SLC17A7,57030
NOVA2,4858
FBL,2091
GPI,2821
PIAS4,51588
FZR1,51343
TGFB1,7040
RPS19,6223
NAPA,8775
ATP1A3,478
PTPRS,5802
LIG1,3978
RASIP1,54922
BCAT2,587
PPP2R1A,5518
KLF1,10661
DNASE2,1777
PRPF31,26121
ELL,8178
WBP7,9757
ETV2,2116
USF2,7392
LSR,51599
FKBP8,23770
SCN1B,6324
ERF,2077
PMPCB,9512
NAMPT,10135
ITGB8,3696
SP4,6671
DLX5,1749
MET,4233
WNT2,7472
HOXA1,3198
DNAJB6,10049
HOXA2,3199
HOXA3,3200
LFNG,3955
HOXA5,3202
HOXA13,3209
EVX1,2128
TAX1BP1,8887
CPVL,54504
GRB10,2887
STX1A,6804
GARS,2617
TAF6,6878
WASL,8976
AIMP2,7965
MOSPD3,64598
C1GALT1,56913
PLOD3,8985
NRF1,4899
EZH2,2146
MEST,4232
MEOX2,4223
AHR,196
CHCHD3,54927
GLI3,2737
RHEB,6009
AEBP1,165
MYL7,58498
GCK,2645
FKTN,2218
TGFBR1,7046
LHX6,26468
DNM1,1759
ENG,2022
RLN1,6013
TYRP1,7306
LHX3,8022
DDX58,23586
GLIS3,169792
BAG1,573
RAPGEF1,2889
SHB,6461
ZFAND5,7763
GATA3,2625
CXCL12,6387
CUBN,8029
ATE1,11101
PLEKHA1,59338
UNC5B,219699
BMPR1A,657
FGF8,2253
TNKS2,80351
SUFU,51684
MAP3K8,1326
DKK1,22943
EBF3,253738
GLRX3,10539
SHOC2,8036
TFAM,7019
ZMIZ1,57178
GIT1,28964
AATF,26574
FBXL20,84961
WNT3,7473
ASPA,443
RAD51C,5889
KPNB1,3837
PFN1,5216
RAI1,10743
SLC6A4,6532
BLMH,642
CCDC47,57003
MED31,51003
DDX5,1655
HNF1B,6928
DHX58,79132
KAT2A,2648
CNTNAP1,8506
COL1A1,1277
PRKAR1A,5573
YWHAE,7531
DPH1,1801
SLC9A3R1,9368
IFT20,90410
PMP22,5376
FOXN1,8456
PHOX2B,8929
NFKB1,4790
GAB1,2549
WFS1,7466
CLCN3,1182
SLC2A9,56606
FBXW7,55294
WHSC1,7468
NKX3-2,579
GLRB,2743
RAPGEF2,9693
KLF3,51274
UGDH,7358
PPARGC1A,10891
DBX1,120237
ZNF259,8882
SC5D,6309
EHD1,10938
SUV420H1,51111
NRXN2,9379
CPT1A,1374
CCND1,595
CCDC86,79080
PRPF19,27339
CHORDC1,26973
FOLR1,2348
EIF4G2,1982
UPK2,7379
CBL,867
SLC1A2,6506
AMBRA1,55626
MADD,8567
PTPMT1,114971
SOX6,55553
AIP,9049
NUP98,4928
TCIRG1,10312
CHKA,1119
SLC11A2,4891
PTGES3,10728
MYF6,4618
MYF5,4617
METAP2,10988
ELK3,2004
FOXM1,2305
ARPC3,10094
MYL2,4633
CUX2,23316
KCNA1,3736
SCNN1A,6337
CDK2AP1,8099
TIMELESS,8914
GAPDH,2597
USP5,8078
TPI1,7167
ATN1,1822
PTPN6,5777
NANOG,79923
SUDS3,64426
PRKAB1,5564
PHC1,1911
RFX4,5992
COL12A1,1303
ASF1A,25842
MCM9,254394
FBXO5,26271
PPARD,5467
MAPK14,1432
SRSF3,6428
SOD2,6648
MCM3,4172
BMP5,653
RAB23,51715
E2F3,1871
SIM1,6492
WASF1,8936
ALDH5A1,7915
GMNN,51053
EYA4,2070
PEX7,5191
PERP,64065
GPR126,57211
QKI,9444
MDFI,4188
TFEB,7942
BYSL,705
TBP,6908
PPP2R5D,5528
PTK7,5754
SRF,6722
VEGFA,7422
LAMA4,3910
TBX18,9096
SEMA5A,9037
GHR,2690
HBEGF,1839
LOX,4015
HMGCR,3156
COL4A3BP,10087
HAND1,9421
GABRG2,2566
LMNB1,4001
NPR3,4883
PDE4D,5144
RAD50,10111
NUP155,9631
PPP2CA,5515
NR3C1,2908
LIFR,3977
SMAD5,4090
PDGFRB,5159
BCL6,604
NPHP3,27031
UBE3A,7337
PDCD10,11235
WNT5A,7474
COL7A1,1294
HES1,3280
ECT2,1894
GNAI2,2771
RPL24,6152
FXR1,8087
IFT57,55081
GBE1,2632
ACVR2B,93
VIPR1,7433
SSR3,6747
FOXP1,27086
ADAM23,8745
TTL,150465
PIKFYVE,200576
ACTR3,10096
EPB41L5,57669
TFCP2L1,29842
POMC,5443
GPD2,2820
CENPA,1058
ACVR1,90
ITGA4,3676
PPM1G,5496
TLX2,3196
SPTBN1,6711
RTN4,57142
ACADL,33
FANCL,55120
FN1,2335
STAT1,6772
GLS,2744
GGCX,2677
OTX1,5013
SF3B1,23451
SMYD1,150572
MLPH,79083
SLC5A7,60482
PROC,5624
ID2,3398
ODC1,4953
BIRC6,57448
SLC25A12,8604
DLX2,1746
SOS1,6654
RND3,390
ATF2,1386
TIA1,7072
KISS1R,84634
EPAS1,2034
ARID3A,1820
SUMO1,7341
SPR,6697
PRRX1,5396
DHCR24,1718
NPHS2,7827
ICMT,23463
STXBP3,6814
ERRFI1,54206
WDR77,79084
RAP1A,5906
HDAC1,3065
LAMTOR2,28956
DNAJC6,9829
IVNS1ABP,10625
MFN2,9927
SLC35D1,23169
WLS,79971
UCHL5,51377
ZBTB17,7709
NR5A2,2494
MTR,4548
BMP8B,656
ACADM,34
RGS4,5999
ECE1,1889
HMGCL,3155
PRPF3,9129
APH1A,51107
SLC2A1,6513
CDC20,991
F3,2152
IRF6,3664
SERPINC1,462
PROX1,5629
ARID1A,8289
PPP1R8,5511
STK11,6794
MLL,4297
TNNT2,7139
NRP2,8828
CREB1,1385
KLF7,8609
ELOVL4,6785
CNR1,1268
PLAGL1,5325
TNFAIP3,7128
MYB,4602
ARG1,383
CTGF,1490
TCF21,6943
FBXL5,26234
VAMP8,8673
DCLRE1B,64858
PKD2,5311
SATB2,23314
TRPM6,140803
TJP2,9414
ITGB1BP1,9270
RAD23B,5887
MAPKAP1,79109
NR4A3,8013
INVS,27130
VSX2,338917
LTBP2,4053
TGFB3,7043
ESRRB,2103
DNMT3A,1788
BCL11A,53335
CRIPT,9419
EPCAM,4072
SLC17A5,26503
NKX2-3,159296
PPP1R3C,5507
HELLS,3070
GNA13,10672
HOXB3,3213
HOXB1,3211
TEK,7010
GRIA2,2891
WDR55,54853
MRC1,4360
EPC1,80314
ALG5,29880
SIL1,64374
SERP1,27230
APAF1,317
TARDBP,23435
COPS5,10987
RDH10,157506
SPOP,8405
TBX2,6909
TBX4,9496
ADCY7,113
TSHZ3,57616
LHX4,89884
RNF2,6045
DPPA4,55211
MAPK8IP1,9479
KHDRBS1,10657
PIK3CA,5290
PDS5A,23244
LIAS,11019
CXCR4,7852
ACVR2A,92
MTERFD2,130916
TBX22,50945
MYOG,4656
RBBP6,5930
LDB3,11155
INHBA,3624
TWIST1,7291
RECK,8434
ACO1,48
CNTFR,1271
CALD1,800
NEUROG3,50674
BICC1,80114
EGR2,1959
ECD,11319
P4HA1,5033
VPS26A,9559
RBM19,9904
CIT,11113
WDR83,84292
ATP7B,540
NEUROD4,58158
HOXC13,3229
CDK2,1017
LRP1,4035
NFE2,4778
DBH,1621
STIL,6491
COL10A1,1300
AMD1,262
PLP1,5354
NRK,203447
KCNJ2,3759
AGO2,27161
SLC12A5,57468
NCOA3,8202
PLCG1,5335
ARFGEF2,10564
EDN3,1908
CSE1L,1434
SNAI1,6615
PCK1,5105
STAMBP,10617
MOCS1,4337
SPDEF,25803
SOX4,6659
SSR1,6745
EEF1E1,9521
RUNX2,860
GCM2,9247
WNT1,7471
EFNB2,1948
BMP4,652
SOX9,6662
SLC25A19,60386
PAX8,7849
POLR1B,84172
MED1,5469
FOXA2,3170
NKX2-2,4821
BMP2,650
FLRT3,23767
OVOL2,58495
MKKS,8195
ITPA,3704
TCF15,6939
S1PR4,8698
CITED1,4435
MAX,4149
EIF2S2,8894
PLAGL2,5326
AMOT,154796
UROD,7389
F10,2159
PCID2,55795
CAPNS1,826
THRA,7067
PRMT1,3276
ASL,435
SBDS,51119
STAT5A,6776
BECN1,8678
NSRP1,84081
SIX1,6495
NUP214,8021
AVPR2,554
CANX,821
IPPK,64768
BCL11B,64919
TRAF2,7186
RAP1B,5908
PTPRB,5787
FGFRL1,53834
UBR4,23352
SIN3B,23309
KLF2,10365
MACF1,23499
SMARCA4,6597
HIP1,3092
PTPN12,5782
FGL2,10875
SRD5A3,79644
KDR,3791
DGCR8,54487
ATF4,468
LIF,3976
POT1,25913
VGF,7425
PODXL,5420
FOXP2,93986
FLNC,2318
SMO,6608
FEZF1,389549
HOXD3,3232
GAD1,2571
HOXD11,3237
HOXD13,3239
HERC2,8924
SNRPN,6638
TWSG1,57045
EIF2AK4,440275
TTBK2,146057
DLL4,54567
ALDH1A2,8854
MBD4,8930
PALLD,23022
CSRP3,8048
ATP1B2,482
ILF3,3609
FOXA1,3169
DAD1,1603
FOXJ1,2302
ASH2L,9070
CDKN1C,1028
SYT5,6861
TNNI3,7137
GAMT,2593
ECSIT,51295
GDF1,2657
KIF1A,547
MLLT1,4298
MLLT4,4301
ACTN4,81
EPO,2056
UNC13A,23025
SCO2,9997
LSM4,25804
COL5A1,1289
HBZ,3050
PAK4,10298
MNX1,3110
TAF4,6874
LAMA5,3911
ADRM1,11047
ASS1,445
POMT1,10585
TRIM28,10155
ANGPTL6,83854
DNMT1,1786
DUSP9,1852
SLC7A10,56301
UBE4B,10277
SYNE1,23345
LATS1,9113
RBM39,9584
SLC34A1,6569
NFATC1,4772
RLIM,51132
ABCB7,22
TRAF3,7187
CAPN7,23473
KIF3A,11127
MGAT1,4245
TUBG1,7283
ACLY,47
RAMP2,10266
EXOC4,60412
ANO1,55107
BARX1,56033
MAP1B,4131
RARA,5914
PEX11B,8799
PDHA1,5160
LLGL1,3996
LIN28A,79727
RFX1,5989
CC2D1A,54862
LHX1,3975
ACACA,31
RAF1,5894
SLC6A11,6538
PPARG,5468
HSD17B7,51478
INPP5K,51763
RPA1,6117
DDC,1644
ANKRD17,26057
ITGB4,3691
KDM6B,23135
DLG4,1742
TERF2,7014
SNAP25,6616
PCNA,5111
DAP3,7818
NES,10763
NASP,4678
AP3B1,8546
CASP9,842
CDK8,1024
MYH10,4628
POSTN,10631
TPT1,7178
MYH11,4629
LARGE,9215
MYO18B,84700
KRAS,3845
SPINK5,11005
IMPA1,3612
HSD17B4,3295
MEN1,4221
GSC,145258
UNC79,57578
NUMB,8650
EIF2S1,1965
CCNB1,891
VHL,7428
NOTCH2,4853
NGF,4803
PPHLN1,51535
YWHAQ,10971
KIDINS220,57498
ROCK2,9475
MYCN,4613
LPIN1,23175
LDHA,3939
SAA2,6289
IL6ST,3572
FST,10468
CDC73,79577
CRB1,23418
RAX,30062
SOX5,6660
LRP4,4038
SOX3,6658
CDCA8,55143
DSG3,1830
DSC3,1825
APLNR,187
PDGFRA,5156
COL4A2,1284
ERCC5,2073
ETS1,2113
APC,324
WDR36,134430
RFK,55312
CTSL1,1514
ADAM19,8728
HNF1A,6927
TBX3,6926
DMTF1,9988
PNPLA8,50640
RINT1,60561
AKIRIN2,55122
MAP3K7,6885
LMO2,4005
PHF21A,51317
ELF5,2001
CAPRIN1,4076
AVIL,10677
GDF11,10220
ITGA7,3679
CDK4,1019
ESPL1,9700
ACVR1B,91
AHI1,54806
HEY2,23493
MDM2,4193
AGT,183
EGLN1,54583
GLUL,2752
DHX9,1660
LAMC1,3915
PAX3,5077
HTR2B,3357
REV1,51455
EDAR,10913
FLNB,2317
LMO7,4008
SPRY2,10253
EDNRB,1910
TNS3,64759
RAC1,5879
HUS1,3364
DBNL,28988
CCM2,83605
NKX2-1,7080
NMT1,4836
SRSF1,6426
VEZF1,7716
KAT7,11143
TRA2B,6434
SCN2A,6326
TBR1,10716
GATA4,2626
SKIL,6498
HLX,3142
CFC1,55997
BIN1,274
HS6ST1,9394
ABI1,10006
TXN,7295
ODF2,4957
KLF4,9314
TOR1A,1861
TMOD1,7111
STXBP1,6812
SLC2A8,29988
CDK5RAP2,55755
SLC31A1,1317
NR5A1,2516
XPA,7507
ANP32B,10541
LMX1B,4010
ENPP2,5168
MYC,4609
NOV,4856
IL11RA,3590
TLN1,7094
CNPY3,10695
FOXP4,116113
TFAP2A,7020
GCM1,8521
FOXF2,2295
RIPK1,8737
CLPS,1208
TAF8,129685
NUMA1,4926
NEK1,4750
YAP1,10413
MAP2K5,5607
THBS1,7057
NUSAP1,51203
CASC5,57082
SMAD6,4091
ADAM10,102
DBT,1629
IFT172,26160
ADCY3,109
PPM1B,5495
PNPT1,87178
DYNC2LI1,51626
FBXO11,80204
SIX3,6496
LBX1,10660
KIF11,3832
ARL3,403
EXOC6,54536
ANXA7,310
TIMM23,100287932
BARD1,580
SSB,6741
CHRNA1,1134
ITGAV,3685
SLC40A1,30061
COX17,10063
USP8,9101
GLCE,26035
HCN4,10021
PCDH10,57575
FRAS1,80144
SHROOM3,57619
CENPE,1062
LEF1,51176
SEC24B,10427
MTTP,4547
MAPK8IP3,23162
ETV6,2120
AEBP2,121536
PRICKLE1,144165
VAMP1,6843
PEX5,5830
COL2A1,1280
LGR5,8549
DUSP6,1848
ASCL1,429
TDG,6996
FOXN4,121643
SLC7A1,6541
PDX1,3651
TARBP2,6895
ACVRL1,94
BRCA2,675
MAP3K12,7786
RB1,5925
ZIC5,85416
CUL4A,8451
NOVA1,4857
TCF12,6938
CDAN1,146059
TLE3,7090
TPM1,7168
IGF1R,3480
CYP11A1,1583
BBS4,585
PCSK6,5046
CYP1A2,1544
POLG,5428
NTRK3,4916
FURIN,5045
PMM2,5373
FTO,79068
MBTPS1,8720
PDPK1,5170
NCOR1,9611
COPS3,8533
MYOCD,93649
UNC45B,146862
VPS53,55275
NPEPPS,9520
PTRH2,51651
SS18,6760
AFG3L2,10939
GNAL,2774
GALNT1,2589
ADCYAP1,116
MEP1B,4225
GATA6,2627
TP53,7157
CCDC40,55036
CSNK1D,1453
RPTOR,57521
SMAD4,4089
PIP4K2B,8396
ERBB2,2064
CACNA1A,773
BRD4,23476
VAV1,7409
DNMT3L,29947
AKT1,207
CARM1,10498
RERE,473
PRDM16,63976
PEX14,5195
PLK4,10733
WDTC1,23038
HSPG2,3339
BCL10,8915
CYR61,3491
LMO4,8543
BARHL2,343472
MTF2,22823
GJA5,2702
POU2F1,5451
PFDN2,5202
TOR1AIP1,26092
SNX27,81609
SETDB1,9869
ARNT,405
DTL,51514
TP53BP2,7159
S100A8,6279
TPM3,7170
SNAPIN,23557
ILF2,3608
FLG,2312
ACTA1,58
LEFTY2,7044
PARP1,142
LBR,3930
WNT9A,7483
REN,5972
SYT2,127833
OSR1,130497
VPS54,51542
ASXL2,55252
MEIS1,4211
SNRNP200,23020
SLC20A1,6574
SCN1A,6323
KIAA1715,80856
DLX1,1745
UBR3,130507
HSPD1,3329
ABCA12,26154
SUMF1,285362
CXCR7,57007
FANCD2,2177
CSRNP1,64651
ITGA9,3680
SLC25A26,115286
UBA3,9039
NFKBIZ,64332
LPP,4026
VPRBP,9730
SLIT2,9353
CENPC1,1060
ANK2,287
CCNA2,890
SETD7,80854
PDGFC,56034
PLK2,10769
PIK3R1,5295
HAPLN1,1404
SSBP2,23635
RASA1,5921
PAM,5066
BTF3,689
CXCL14,9547
GLRA1,2741
TNIP1,10318
G3BP1,10146
MUT,4594
PHIP,55023
RSPO3,84870
WTAP,9589
CREB5,9586
EGFR,1956
NCAPG2,54892
CASK,8573
HDAC8,55869
LPAR4,2846
EBP,10682
HTR2C,3358
GPC3,2719
MCPH1,79648
NSDHL,50814
SLC25A37,51312
STAR,6770
TERF1,7013
RSPO2,340419
SLC39A4,55630
NFIB,4781
NTRK2,4915
UGCG,7357
GSN,2934
NR6A1,2649
CRB2,286204
SURF1,6834
INPP5E,56623
NOTCH1,4851
CACNA1B,774
PARD3,56288
ZEB1,6935
A1CF,29974
VAX1,11023
TCF7L2,6934
CYP17A1,1586
ADAM12,8038
RGS10,6001
ADM,133
HSD17B12,51144
SSRP1,6749
PTPRJ,5795
CELF1,10658
C11orf73,51501
TENM4,26011
SERPINH1,871
CAPN5,726
NCAM1,4684
LAMTOR1,55004
ST14,6768
HYOU1,10525
CSRP2BP,57325
MTA2,9219
INCENP,3619
CHEK1,1111
JPH2,57158
FERMT3,83706
PLCB3,5331
TBX6,6911
PPP4C,5531
GRIN2B,2904
ITGB1,3688
ARID5B,84159
LATS2,26524
VEGFC,7424
DOCK1,1793
PTS,5805
FREM2,341640
FOXO1,2308
CRIM1,51232
UBC,7316
ITPR1,3708
CACNA1C,775
IPMK,253430
RAD9B,144715
AKAP6,9472
NPAS3,64067
EXT2,2132
MSGN1,343930
NEK7,140609
UPF2,26019
EDNRA,1909
NR3C2,4306
ADAM17,6868
FLI1,2313
KCNJ1,3758
SAV1,60485
GABRA2,2555
GFRA1,2674
DST,667
TIAL1,7073
BAG3,9531
SCHIP1,29970
POU4F1,5457
GRID2,2895
TCF7L1,83439
XRCC4,7518
ZFP36L2,678
PFKM,5213
SPEF2,79925
GJA1,2697
PELO,53918
HHEX,3087
RAD17,5884
MED21,9412
ZIC1,7545
DAB2,1601
BCL2L11,10018
SMARCA5,8467
HNRNPU,3192
RANBP2,5903
AHCTF1,25909
NR4A2,4929
RBMS1,5937
SCN3A,6328
LPCAT1,79888
UBP1,7342
CEBPG,1054
LGI4,163175
DDAH1,23576
HS2ST1,9653
MSI2,124540
ROBO3,64221
ANGPT1,284
WNT3A,89780
BUB3,9184
PDLIM3,27295
CXADR,1525
RABGEF1,27342
GABPA,2551
ADAMTS1,9510
CCDC174,51244
FLCN,201163
DPH3,285381
CXXC1,30827
AZIN1,51582
MARCKS,4082
DBI,1622
SLC7A7,9056
TTN,7273
PPARGC1B,133522
GRIP1,23426
KIF5A,3798
GNAQ,2776
ADK,132
N6AMT1,29104
USP16,10600
FGF18,8817
GDF6,392255
MTERFD1,51001
SUPV3L1,6832
NODAL,4838
KAT6B,23522
AIFM1,9131
ZIC3,7547
BUB1B,701
NRG1,3084
PAXIP1,22976
SSBP3,23648
MMP14,4323
KIT,3815
HYDIN,54768
RNF111,54778
CCNB2,9133
MYO1E,4643
DYRK1A,1859
KCNJ6,3763
ERG,2078
ETS2,2114
BRAF,673
SLC34A2,10568
ACAN,176
WDR19,57728
SKI,6497
GRHL3,57822
XDH,7498
WASF2,10163
NRG2,9542
B4GALT5,9334
ALAS2,212
PPP1R15B,84919
PKD1L1,168507
F11R,50848
EDA,1896
WNT9B,7484
SYNJ1,8867
SV2A,9900
RUNX1,861
IGF2BP1,10642
ACTC1,70
MORC3,23515
SIM2,6493
SCUBE1,80274
PSMD4,5710
HK2,3099
ISL2,64843
ACE,1636
CTBP1,1487
ATP6V0D1,9114
AGRP,181
NPR2,4882
GNE,10020
ARHGAP35,2909
PTGIR,5739
PKNOX1,5316
CBS,875
G6PD,2539
ITGB2,3689
MCM3AP,8888
SAFB,6294
SHC1,6464
ADAR,103
PTH1R,5745
LY6E,4061
FOXH1,8928
MAML1,9794
DVL3,1857
AP2M1,1173
PCYT1A,5130
NPHS1,4868
SRSF2,6427
ITGA5,3678
ZNF385A,25946
AQP5,362
RACGAP1,29127
CCNF,899
RPL29,6159
SYVN1,84447
LRP5,4041
FGF19,9965
TAL1,6886
MAGOH,4116
BSND,7809
PPAP2B,8613
JAK1,3716
PDPN,10630
ALPL,249
WNT4,54361
NFIA,4774
USP1,7398
LHX8,431707
VCAM1,7412
NCSTN,23385
VANGL2,57216
LMX1A,4009
FLVCR1,28982
RBM15,64783
KIF26B,55083
PKDCC,91461
CAPN2,824
PEX13,5194
NEUROD1,4760
H3F3A,3020
EN1,2019
INHBB,3625
XIRP2,129446
SMARCAD1,56916
MSX1,4487
ERCC3,2071
BMP10,27302
FZD5,7855
NPPC,4880
ALPP,250
CLDN1,9076
PYGO2,90780
POGLUT1,56983
ATP1A1,476
FSTL1,11167
ELF3,1999
CCT3,7203
STK36,27148
FEV,54738
IHH,3549
EOMES,8320
TGFBR2,7048
NFASC,23114
NUAK2,81788
SPTA1,6708
PRKCI,5584
SLC2A2,6514
CADPS,8618
NKX6-1,4825
ADAMTS9,56999
PPM1K,152926
TIPARP,25976
HESX1,8820
TOPBP1,11073
RYK,6259
ZNF148,7707
SENP2,59343
IFT122,55764
TKT,7086
GNL3,26354
PBRM1,55193
LRPAP1,4043
H2AFZ,3015
CDC25A,993
SPRY1,10252
INTU,27152
MST1R,4486
RAD54L2,23132
PITX2,5308
HAND2,9464
MAD2L1,4085
HPGD,3248
HHIP,64399
ABCE1,6059
NIPBL,25836
F2RL1,2150
SPINK1,6690
HTR4,3360
CASP3,836
RICTOR,253260
FOXQ1,94234
CSF2,1437
SLC35A1,10559
TLX3,30012
CITED2,10370
T,6862
STXBP5,134957
TBX20,57057
CAMLG,819
BMPER,168667
KCNK5,8645
SP8,221833
SHH,6469
COL1A2,1278
LMTK2,22853
SOX17,64321
DLC1,10395
PEX2,5828
RAD21,5885
TNFRSF11B,4982
DEFB1,1672
UNCX,340260
NOS3,4846
INTS1,26173
CDK5,1020
SLC4A2,6522
OSR2,116039
FREM1,158326
TMEM67,91147
PSIP1,11168
SYK,6850
ABCA1,19
FXN,2395
PIGA,5277
STRBP,55342
ATP7A,538
VCP,7415
WRN,7486
TSHR,7253
INPPL1,3636
PHOX2A,401
GJB2,2706
ARF6,382
TTC8,123016
CDX2,1045
OTX2,5015
DRGX,644168
DACT1,51339
SLC18A2,6571
DACH1,1602
NSD1,64324
CLEC1B,51266
TSC1,7248
GFI1B,8328
RET,5979
PSMC3,5702
RAPSN,5913
SLC6A5,9152
NELL1,4745
CACNB2,783
JAM3,83700
AMN,81693
SPINT1,6692
FBN1,2200
POLL,27343
COPS2,9318
GABRB3,2562
SPIC,121599
FRS2,10818
TMEM100,55273
ILK,3611
TAF10,6881
TPP1,1200
DCHS1,8642
RPL27A,6157
ATMIN,23300
WEE1,7465
MAPK7,5598
MCM7,4176
TK2,7084
NDEL1,81565
HSP90B1,7184
AP1G1,164
KIF7,374654
MESP1,55897
SCNN1G,6340
TERF2IP,54386
PLK1,5347
SCG5,6447
GREM1,26585
PDIA3,2923
PBX3,5090
PHB,5245
SLC27A4,10999
ENDOG,2021
ISLR2,57611
SP2,6668
COQ7,10229
GPRC5B,51704
CRK,1398
IGF2,3481
STIM1,6786
CA4,762
GPX4,2879
ANKRD11,29123
AQP2,359
TTYH1,57348
SPINT2,10653
CHAF1A,10036
NXN,64359
KRT1,3848
ANGPTL4,51129
TBX10,347853
TK1,7083
CYP7A1,1581
MLST8,64223
E4F1,1877
ABCA3,21
DDB1,1642
FTH1,2495
SLC3A2,6520
C2CD3,26005
RPSA,3921
CTNNB1,1499
FADD,8772
SF1,7536
COPS6,10980
RBPJ,3516
PTF1A,256297
FOXI1,2299
MGAT2,4247
BMI1,648
THAP11,57215
BDKRB2,624
SCNN1B,6338
BMP1,649
FEN1,2237
GBX2,2637
MYL1,4632
COL3A1,1281
STAT3,6774
GDNF,2668
AXIN2,8313
LRP1B,53353
SEMA4C,54910
TET2,54790
SHOX2,6474
ATOH8,84913
SFTPB,6439
MAP2K1,5604
IRS1,3667
ROR2,4920
MN1,4330
RGS14,10636
B3GALNT1,8706
CRADD,8738
SIN3A,25942
ARL13B,200894
PTK2,5747
PTPN9,5780
SCN9A,6335
ZEB2,9839
LUZP1,7798
BUB1,699
SPNS1,83985
AGPAT2,10555
FASN,2194
CNBP,7555
RFNG,5986
LIMS1,3987
TAPT1,202018
GSX1,219409
ROBO1,6091
ONECUT1,3175
GUSB,2990
ZFPM2,23414
HOXD12,3238
CDK1,983
FOS,2353
TMED10,10972
SMAD1,4086
EMX2,2018
SP7,121340
SLC30A1,7779
KRT8,3856
KRT4,3851
SLC23A1,9963
PFKFB3,5209
CDH2,1000
SIX2,10736
KIF5B,3799
FSHR,2492
PPM1D,8493
TANC2,26115
PKHD1,5314
DNAJC24,120526
HAS2,3037
S1PR1,1901
MTM1,4534
INSR,3643
MFN1,55669
C1GALT1C1,29071
SOSTDC1,25928
BAHCC1,57597
CHST11,50515
CHD7,55636
KRT19,3880
HOPX,84525
PTGER4,5734
MAP6,4135
OTP,23440
ECEL1,9427
BCL2L1,598
FGG,2266
PLRG1,5356
DSCAM,1826
ZNF274,10782
BPTF,2186
HDAC3,8841
GPHN,10243
BCL2,596
MLLT3,4300
PTEN,5728
RNASEH1,246243
FOXB1,27023
GAP43,2596
LAMB2,3913
SMN1,6606
EIF2AK3,9451
CYCS,54205
MTBP,27085
ID4,3400
CEBPB,1051
ATOH1,474
DPAGT1,1798
HINFP,25988
ARNT2,9915
ZNF24,7572
AFF1,4299
RAD9A,5883
EFEMP2,30008
MUS81,80198
CFL1,1072
RPL38,6169
OVOL1,5017
SP3,6670
EGFL7,51162
DHCR7,1717
NBEA,26960
OXSR1,9943
KAT5,10524
ADRBK1,156
RELA,5970
BNC2,54796
COMMD1,150684
DMRT2,10655
MAP3K11,4296
DAG1,1605
INSM1,3642
DAB1,1600
SMARCC1,6599
CHD2,1106
SLC19A1,6573
RCE1,9986
HEG1,57493
STAT5B,6777
JUP,3728
HAP1,9001
CBX2,84733
HOXB2,3212
PIFO,128344
FBXO45,200933
LEMD3,23592
SOCS7,30837
RGMB,285704
PITPNA,5306
EVX2,344191
LIG4,3981
ATP2A2,488
BBS1,582
SLCO2A1,6578
SH3PXD2B,285590
ZIC4,84107
FBXW8,26259
CTBP2,1488
ATR,545
DSG4,147409
TRAF6,7189
MARCKSL1,65108
PCCA,5095
ARHGAP1,392
CST6,1474
PROP1,5626
CHRNA7,1139
SMAD2,4087
PCSK1,5122
LPL,4023
DRAP1,10589
FOSL1,8061
ERCC4,2072
NR2F1,7025
SFN,2810
DOK7,285489
FOXG1,2290
ATAD5,79915
RTTN,25914
ANAPC2,29882
HSD11B2,3291
KCMF1,56888
B3GNT5,84002
LMNB2,84823
FOXL1,2300
FOXC2,2303
BDNF,627
BASP1,10409
GRIN1,2902
SOX11,6664
DEAF1,10522
POLE,5426
DSCAML1,57453
KCNA2,3737
TOP3A,7156
HIC1,3090
TGIF1,7050
NR2C2,7182
GPR4,2828
OLIG3,167826
ATOX1,475
JUN,3725
GBA,2629
FLII,2314
KCNJ10,3766
GRB2,2885
UBE2N,7334
RIC8A,60626
DMAP1,55929
IMPDH2,3615
NDUFV2,4729
SH2B1,25970
PLEC,5339
SLITRK1,114798
AQP11,282679
NEUROG2,63973
ERBB4,2066
MAF,4094
CTNNBIP1,56998
ERN1,2081
SUZ12,23512
THBD,7056
MPI,4351
FOXE1,2304
PFAS,5198
ZBTB7A,51341
RMI1,80010
AURKB,9212
ZFP42,132625
HES7,84667
CYP11B2,1585
CALR,811
GADD45GIP1,90480
DAND5,199699
PTPN11,5781
GATA2,2624
ARID3B,10620
EGR3,1960
ZBTB18,10472
ALOX12B,242
ZFPM1,161882
CDH5,1003
TSHZ1,10194
TH,7054
MYLPF,29895
F2,2147
PRKRA,8575
ALX1,8092
FZD2,2535
PAK2,5062
GAS1,2619
GSX2,170825
SHISA2,387914
SCRIB,23513
PITPNB,23760
FKRP,79147
EHMT1,79813
F2R,2149
NPM1,4869
POLR2A,5430
SOX2,6657
MAB21L2,10586
SETD2,29072
ZBTB20,26137
SLC35C1,55343
CLDN7,1366
NEUROG1,4762
CREB3L2,64764
UNC5C,8633
RGMA,56963
RAD51B,5890
EXT1,2131
FIGN,55137
TSHZ2,128553
ORAI1,84876
FES,2242
SATB1,6304
CSF1R,1436
PLCB1,23236
NDN,4692
RESP18,389075
HOXB4,3214
EWSR1,2130
GJC1,10052
SLC8A1,6546
NKX2-5,1482
NEB,4703
DSCR6,53820
BCOR,54880
RIPK4,54101
EP400,57634
PSMG1,8624
NOG,9241
ASCL2,430
TBK1,29110
TRAIP,10293
FOXL2,668
LIN9,286826
KIRREL,55243
CNGA2,1260
SCN5A,6331
SETD8,387893
SMTN,6525
TBX1,6899
CLDN5,7122
KCNQ3,3786
ALDH1A3,220
PRKD1,5587
GDF3,9573
EFNA5,1946
CSF1,1435
CCR10,2826
TXNRD2,10587
POU3F2,5454
PROS1,5627
SOCS3,9021
MED12,9968
AMER1,139285
DRD1,1812
JAG2,3714
WT1,7490
RFX6,222546
ROBO2,6092
FLRT2,23768
FAF1,11124
HSF1,3297
MIXL1,83881
MC2R,4158
SOCS1,8651
HGS,9146
RAD51D,5892
KRT6B,3854
ROR1,4919
PRKG1,5592
NR2F2,7026
DLK1,8788
SP1,6667
FAM212A,389119
PBX1,5087
ZFP36L1,677
UBE2L3,7332
NTF3,4908
POU3F1,5453
MORF4L1,10933
IKZF1,10320
PCYT2,5833
ATP6V0C,527
PTCH1,5727
RASA3,22821
NDUFA13,51079
TAL2,6887
KRT5,3852
PIP5K1C,23396
WWOX,51741
EDARADD,128178
MKL2,57496
BACE1,23621
RXRA,6256
KRT10,3858
NF2,4771
PDE2A,5138
HEXIM1,10614
KRT14,3861
POFUT2,23275
FGF3,2248
P2RY4,5030
TMPRSS6,164656
TEAD1,7003
MITF,4286
FOXD3,27022
DYNC2H1,79659
EPOR,2057
DCC,1630
MAGI2,9863
COL4A1,1282
USP7,7874
SPRY4,81848
SLC18A3,6572
GABRD,2563
TCEA1,6917
HELT,391723
WNT7B,7477
MESP2,145873
AGRN,375790
CHM,1121
SRSF10,10772
HMX3,340784
UROS,7390
MTF1,4520
HMX2,3167
SLX4,84464
LRRK2,120892
GJB3,2707
NELFB,25920
LIPI,149998
RELN,5649
GJB5,2709
HMGB1,3146
PAX5,5079
MYT1,4661
S100A4,6275
FAT4,79633
RYR1,6261
PPIA,5478
ATP2A1,487
TRRAP,8295
EPHB4,2050
ESRRG,2104
NCOR2,9612
SLC6A9,6536
NACA,4666
SULF2,55959
LAMA2,3908
PLXNB2,23654
XRCC2,7516
MKL1,57591
HDAC2,3066
TCF4,6925
NF1,4763
CHRNG,1146
ADA,100
SCN8A,6334
LAMB3,3914
FLNA,2316
MAFG,4097
IGF2R,3482
DYNC1H1,1778
PGAP1,80055
SRC,6714
SYNGAP1,8831
BLM,641
TRIM33,51592
ADARB1,104
HTT,3064
PDGFA,5154
MYO5A,4644
ATG7,10533
DMBX1,127343
MYH6,4624
PARVA,55742
TEAD4,7004
ZNF335,63925
LPAR1,1902
MB,4151
MAN1A2,10905
TFDP1,7027
SZT2,23334
HOXC4,3221
ASNA1,439
NTRK1,4914
TXNRD1,7296
ARC,23237
COPS8,10920
MDM4,4194
RYR2,6262
NCOA6,23054
IPO9,55705
DLL1,28514
LDB1,8861
PPP1R14C,81706
SMOC1,64093
F5,2153
SLC5A3,6526
RASSF9,9182
ZNF830,91603
MTOR,2475
PNP,4860
PAX9,5083
GK,2710
CD247,919
OPA1,4976
LTN1,26046
TOP1,7150
MAP3K3,4215
L1CAM,3897
SREBF2,6721
POU3F3,5455
C9orf114,51490
ATG9A,79065
APRT,353
L3MBTL3,84456
DMD,1756
RIPPLY2,134701
SOX18,54345
MAFB,9935
GIGYF2,26058
PHACTR4,65979
DAXX,1616
BMPR2,659
RXRB,6257
BRD2,6046
COL5A2,1290
SKIV2L,6499
SDHD,6392
EHMT2,10919
CSNK2B,1460
BAG6,7917
POU5F1,5460
CDSN,1041
PPP1R10,5514
ZFP57,346171
GABBR1,2550
ATXN2,6311
DCTN1,1639
TCTN1,79600
PSENEN,55851
LGR4,55366
E2F4,1874
KRT6A,3853
CPT1B,1375
HMGN1,3150
LCMT1,51451
ITSN1,6453
CYS1,192668
OLIG2,10215
SERPINB5,5268
TRIM71,131405
NUP62,23636
CHUK,1147
VDAC1,7416
PPP1CB,5500
NOTO,344022
PPME1,51400
PHB2,11331
HMX1,3166
GCGR,2642
VAMP2,6844
EBF2,64641
PPP3R1,5534
ADRA2B,151
PARG,8505
TWIST2,117581
NME1,4830
AQP1,358
TDGF1,6997
PISD,23761
PEG10,23089
EIF6,3692
CNTF,1270
LEFTY1,10637
ETV5,2119
CEBPA,1050
CDK11B,984
FMN1,342184
SEPP1,6414
FOXD1,2297
PRKDC,5591
PINX1,54984
MAGEL2,54551
INS,3630
RTL1,388015
BRK1,55845
HMBS,3145
SALL3,27164
HP,3240
FNTB,2342
CUX1,1523
ITGB3,3690
