#Entrez gene name, Entrez gene ID
Dec-01,50514
Mar-02,51257
Sep-02,4735
Sep-04,5414
A1BG,1
A2M,2
AA,8
AAAS,8086
AAK1,22848
AANAT,15
AATF,26574
AAVS1,17
ABCA1,19
ABCA3,21
ABCB1,5243
ABCC1,4363
ABCC3,8714
ABCC8,6833
ABCG1,9619
ABCG2,9429
ABCG5,64240
ABHD5,51099
ABI1,10006
ABI2,10152
ABI3,51225
ABL1,25
ABL2,27
ABP1,26
ABR,29
ABT1,29777
ACAA1,30
ACACA,31
ACACB,32
ACADL,33
ACADM,34
ACADVL,37
ACAN,176
ACAP1,9744
ACAP2,23527
ACCN2,41
ACCN3,9311
ACD,65057
ACE,1636
ACE2,59272
ACHE,43
ACIN1,22985
ACO1,48
ACOT13,55856
ACOT7,11332
ACOX1,51
ACOX2,8309
ACOX3,8310
ACP1,52
ACP6,51205
ACR,49
ACRC,93953
ACSL1,2180
ACSL3,2181
ACSL4,2182
ACSL5,51703
ACSL6,23305
ACSM3,6296
ACSS1,84532
ACSS2,55902
ACTA1,58
ACTA2,59
ACTB,60
ACTG1,71
ACTG2,72
ACTIN,280979
ACTL6A,86
ACTL6B,51412
ACTN1,87
ACTN2,88
ACTN3,89
ACTN4,81
ACTR1A,10121
ACTR2,10097
ACTR3,10096
ACTRT1,139741
ACVR1,90
ACVR1B,91
ACVR1C,130399
ACVR2A,92
ACVR2B,93
ACVRL1,94
AD5,8081
ADA,100
ADAM10,102
ADAM12,8038
ADAM15,8751
ADAM17,6868
ADAM19,8728
ADAM2,2515
ADAM22,53616
ADAM23,8745
ADAM33,80332
ADAM9,8754
ADAMTS1,9510
ADAMTS13,11093
ADAMTS16,170690
ADAMTS4,9507
ADAP1,11033
ADAR,103
ADARB1,104
ADCY1,107
ADCY10,55811
ADCY2,108
ADCY3,109
ADCY4,196883
ADCY5,111
ADCY6,112
ADCY7,113
ADCY8,114
ADCY9,115
ADCYAP1,116
ADCYAP1R1,117
ADD1,118
ADH1A,124
ADI1,55256
ADIPOQ,9370
ADIPOR1,51094
ADIPOR2,79602
ADM,133
ADM2,79924
ADNP,23394
ADORA1,134
ADORA2A,135
ADORA2B,136
ADORA3,140
ADRA1A,148
ADRA1B,147
ADRA1D,146
ADRA2A,150
ADRA2B,151
ADRA2C,152
ADRB1,153
ADRB2,154
ADRB3,155
ADRBK1,156
ADRBK2,157
ADRM1,11047
ADSS,159
AEN,64782
AES,166
AFF1,4299
AFM,173
AFP,174
AGA,175
AGAP2,116986
AGER,177
AGGF1,55109
AGR2,10551
AGRN,375790
AGRP,181
AGT,183
AGTR1,185
AGTR2,186
AGTRAP,57085
AHNAK,79026
AHR,196
AHRR,57491
AHSG,197
AHSP,51327
AIC,192
AICDA,57379
AIF1,199
AIFM1,9131
AIFM2,84883
AIM2,9447
AIMP2,7965
AIP,9049
AIRE,326
AJAP1,55966
AK2,204
AKAP1,8165
AKAP10,11216
AKAP13,11214
AKAP3,10566
AKAP5,9495
AKAP8,10270
AKAP9,10142
AKR1B1,231
AKR1B10,57016
AKR1C2,1646
AKR7A2,8574
AKT1,207
AKT1S1,84335
AKT2,208
AKT3,10000
ALAS1,211
ALB,213
ALCAM,214
ALDH1A1,216
ALDH1A2,8854
ALDH9A1,223
ALDOA,226
ALDOB,229
ALK,238
ALMS1,7840
ALOX12B,242
ALOX15,246
ALOX15B,247
ALOX5,240
ALOX5AP,241
ALPI,248
ALPK1,80216
ALPK3,57538
ALPP,250
ALRH,260328
ALX1,8092
AMBN,258
AMELY,266
AMFR,267
AMH,268
AMHR2,269
AMICA1,120425
AMPH,273
ANAPC1,64682
ANAPC10,10393
ANAPC11,51529
ANAPC13,25847
ANAPC2,29882
ANAPC4,29945
ANAPC5,51433
ANAPC7,51434
ANG,283
ANGPT1,284
ANGPT2,285
ANGPT4,51378
ANGPTL1,9068
ANGPTL4,51129
ANK1,286
ANKRD1,27063
ANKRD11,29123
ANKRD12,23253
ANKRD6,22881
ANKS1A,23294
ANP32A,8125
ANP32B,10541
ANPEP,290
ANTXR1,84168
ANTXR2,118429
ANXA1,301
ANXA11,311
ANXA2,302
ANXA5,308
ANXA6,309
ANXA7,310
AOC3,8639
AP1B1,162
AP1G1,164
AP1S2,1902
AP2A1,160
AP2A2,161
AP2B1,163
AP2M1,1173
AP2S1,1175
APAF1,317
APBA1,320
APBA2,321
APBA3,9546
APBB1,322
APBB1IP,54518
APC,324
APC2,10297
APEX1,328
APEX2,27301
APH1A,51107
APH1B,83464
APIP,51074
APITD1,378708
APLN,8862
APLNR,187
APLP1,333
APLP2,334
APOA1,335
APOA2,336
APOA5,116519
APOB,338
APOBEC1,339
APOBEC2,10930
APOBEC3G,60489
APOC2,344
APOC3,345
APOE,348
APOF,319
APP,351
APPL1,26060
APPL2,55198
APRT,353
AQP1,358
AQP2,359
AQP3,360
AQP7,364
AR,367
ARAF,369
ARAP1,116985
ARAP2,116984
ARAP3,64411
AREG,374
ARF1,375
ARF4,378
ARF5,381
ARF6,382
ARFGAP1,55738
ARFGAP2,84364
ARFGAP3,26286
ARFGEF1,10565
ARFGEF2,10564
ARFIP1,27236
ARFIP2,23647
ARG1,383
ARHGAP1,392
ARHGAP10,79658
ARHGAP17,55114
ARHGAP20,57569
ARHGAP24,83478
ARHGAP26,23092
ARHGAP39,80728
ARHGAP4,393
ARHGAP5,394
ARHGAP6,395
ARHGAP8,23779
ARHGAP9,64333
ARHGDIA,396
ARHGDIB,397
ARHGEF1,9138
ARHGEF10,9639
ARHGEF10L,55160
ARHGEF11,9826
ARHGEF12,23365
ARHGEF15,22899
ARHGEF17,9828
ARHGEF18,23370
ARHGEF2,9181
ARHGEF3,50650
ARHGEF4,50649
ARHGEF5,7984
ARHGEF6,9459
ARHGEF7,8874
ARHGEF9,23229
ARID1A,8289
ARID3A,1820
ARID4A,5926
ARIH2,10425
ARL2,402
ARL4C,10123
ARL6IP5,10550
ARNT,405
ARNT2,9915
ARNTL,406
ARPC1A,10552
ARPC1B,10095
ARPC2,10109
ARPC3,10094
ARPC4,10093
ARPC5,10092
ARPC5L,81873
ARRB1,408
ARRB2,409
ARRDC4,91947
ARSA,410
ARSB,411
ARSG,22901
ARTN,9048
ASAH1,427
ASAP1,50807
ASAP2,8853
ASAP3,55616
ASB15,142685
ASCC1,51008
ASCC3,10973
ASCL1,429
ASIP,434
ASMT,438
ASNS,440
ASPH,444
ASPN,54829
ATF1,466
ATF2,1386
ATF3,467
ATF4,468
ATF6,22926
ATF7,11016
ATG12,9140
ATG3,64422
ATG5,9474
ATG7,10533
ATIC,471
ATM,472
ATN1,1822
ATOH1,474
ATP1B3P1,484
ATP1BL1,485
ATP2A1,487
ATP2A2,488
ATP2A3,489
ATP2B1,490
ATP2B4,493
ATP2C1,27032
ATP5J,522
ATP5J2,9551
ATP5O,539
ATP6,4508
ATP6AP2,10159
ATP6V0A4,50617
ATP6V0D1,9114
ATP6V0D2,245972
ATP6V1B1,525
ATP6V1D,51382
ATP6V1F,9296
ATP6V1G1,9550
ATP6V1G2,534
ATP6V1G3,127124
ATP6V1H,51606
ATP8A2,51761
ATR,545
ATRIP,84126
ATRN,8455
ATRX,546
ATXN1,6310
ATXN2,6311
ATXN3,4287
ATXN7,6314
AURKA,6790
AURKAIP1,54998
AURKB,9212
AURKC,6795
AVEN,57099
AVP,551
AVPR1A,552
AVPR1B,553
AVPR2,554
AXIN1,8312
AXIN2,8313
AXL,558
AZI1,22994
AZI2,64343
AZIN1,51582
B2M,567
B3GAT1,27087
BACE1,23621
BACE2,25825
BACH1,571
BACH2,60468
BAD,572
BAG1,573
BAG2,9532
BAG3,9531
BAG4,9530
BAG5,9529
BAI1,575
BAIAP2,10458
BAK1,578
BAMBI,25805
BANF1,8815
BANK1,55024
BANP,54971
BAP1,8314
BARD1,580
BARX1,56033
BARX2,8538
BAT3,7917
BATF3,55509
BAX,581
BBC3,27113
BBS4,585
BCAM,4059
BCAP31,10134
BCAR1,9564
BCAR3,8412
BCAS3,54828
BCAT1,586
BCCIP,56647
BCHE,590
BCKDHB,594
BCL10,8915
BCL11A,53335
BCL11B,64919
BCL2,596
BCL2A1,597
BCL2L1,598
BCL2L10,10017
BCL2L11,10018
BCL2L13,23786
BCL2L14,79370
BCL2L2,599
BCL3,602
BCL6,604
BCL7A,605
BCL9,607
BCR,613
BDH1,622
BDKRB1,623
BDKRB2,624
BDNF,627
BECN1,8678
BFAR,51283
BGLAP,632
BGN,633
BHLHE40,8553
BHLHE41,79365
BICD2,23299
BID,637
BIK,638
BIN1,274
BIN2,51411
BIRC2,329
BIRC3,330
BIRC5,332
BIRC6,57448
BIRC7,79444
BLCAP,10904
BLK,640
BLM,641
BLNK,29760
BLOC1S1,2647
BLVRB,645
BMF,90427
BMI1,648
BMP1,649
BMP10,27302
BMP15,9210
BMP2,650
BMP2K,55589
BMP3,651
BMP4,652
BMP5,653
BMP6,654
BMP7,655
BMP8A,353500
BMP8B,656
BMPR1A,657
BMPR1B,658
BMPR2,659
BMX,660
BNC1,646
BNIP3,664
BNIP3L,665
BOC,91653
BOK,666
BPNT1,10380
BRAF,673
BRAP,8315
BRCA1,672
BRCA2,675
BRD2,6046
BRD4,23476
BRD7,29117
BRD8,10902
BRD9,65980
BRE,9577
BRF1,2972
BRI3,25798
BRIP1,83990
BRMS1,25855
BRS3,680
BRSK1,84446
BRSK2,9024
BSG,682
BSND,7809
BST1,683
BTAF1,9044
BTC,685
BTG1,694
BTG2,7832
BTK,695
BTLA,151888
BTRC,8945
BUB1,699
BUB1B,701
BUB3,9184
C10orf137,26098
C11orf2,738
C12orf5,57103
C13orf1,57213
C13orf15,28984
C13orf34,79866
C16orf5,29965
C16orf80,29105
C17orf70,80233
C19orf40,91442
C19orf61,56006
C1QA,712
C1QB,713
C1QC,714
C1QTNF1,114897
C1R,715
C1S,716
C2,717
C3,718
C3AR1,719
C3orf10,55845
C4A,720
C4B,721
C4BPA,722
C4BPB,725
C5,727
C5AR1,728
C6,729
C7,730
C7orf16,10842
C7orf49,78996
C8A,731
C8B,732
C8G,733
C8orf17,56988
C8orf4,56892
C9,735
C9orf89,84270
CA1,759
CA2,760
CA5B,11238
CA9,768
CAB39,51719
CABIN1,23523
CABLES1,91768
CABLES2,81928
CABP1,9478
CACNA1A,773
CACNA1B,774
CACNA1C,775
CACNA1D,776
CACNA1E,777
CACNA1F,778
CACNA1G,8913
CACNA1H,8912
CACNA1I,8911
CACNA1S,779
CACNA2D1,781
CACNA2D2,9254
CACNA2D3,55799
CACNA2D4,93589
CACNB1,782
CACNB2,783
CACNB3,784
CACNB4,785
CACNG1,786
CACNG2,10369
CACNG3,10368
CACNG4,27092
CACNG5,27091
CACNG6,59285
CACNG7,59284
CACNG8,59283
CACYBP,27101
CAD,790
CADM1,23705
CALB1,793
CALCA,796
CALCB,797
CALCOCO1,57658
CALCR,799
CALCRL,10203
CALD1,800
CALM1,801
CALM2,805
CALM3,808
CALML3,810
CALML5,51806
CALML6,163688
CALR,811
CAMK1,8536
CAMK1D,57118
CAMK1G,57172
CAMK2A,815
CAMK2B,816
CAMK2D,817
CAMK2G,818
CAMK4,814
CAMKK1,84254
CAMKK2,10645
CAMLG,819
CAMP,820
CANX,821
CAP1,10487
CAPN1,823
CAPN2,824
CAPN3,825
CAPNS1,826
CAPZB,832
CARD10,29775
CARD11,84433
CARD14,79092
CARD16,114769
CARD18,59082
CARD6,84674
CARD8,22900
CARD9,64170
CARHSP1,23589
CARM1,10498
CASK,8573
CASKIN1,57524
CASP1,834
CASP10,843
CASP2,835
CASP3,836
CASP4,837
CASP5,838
CASP6,839
CASP7,840
CASP8,841
CASP8AP2,9994
CASP9,842
CASQ1,844
CASR,846
CAST,831
CAT,847
CAV1,857
CAV2,858
CAV3,859
CBFA2T2,9139
CBFA2T3,863
CBFB,865
CBL,867
CBLB,868
CBLC,23624
CBLL1,79872
CBS,875
CBWD3,445571
CBX1,10951
CBX4,8535
CBX5,23468
CBY1,25776
CC2D1A,54862
CCAR1,55749
CCBP2,1238
CCDC40,55036
CCDC62,84660
CCK,885
CCKAR,886
CCKBR,887
CCL1,6346
CCL11,6356
CCL13,6357
CCL14,6358
CCL15,6359
CCL16,6360
CCL17,6361
CCL18,6362
CCL19,6363
CCL2,6347
CCL20,6364
CCL21,6366
CCL22,6367
CCL23,6368
CCL24,6369
CCL25,6370
CCL26,10344
CCL27,10850
CCL28,56477
CCL3,6348
CCL3L1,6349
CCL3L3,414062
CCL4,6351
CCL4L1,9560
CCL4L2,388372
CCL5,6352
CCL7,6354
CCL8,6355
CCM2,83605
CCNA1,8900
CCNA2,890
CCNB1,891
CCNB2,9133
CCNB3,85417
CCNC,892
CCND1,595
CCND2,894
CCND3,896
CCNE1,898
CCNE2,9134
CCNG1,900
CCNG2,901
CCNH,902
CCNK,8812
CCNL2,81669
CCNO,10309
CCNT1,904
CCNT2,905
CCR1,1230
CCR10,2826
CCR2,729230
CCR3,1232
CCR4,1233
CCR5,1234
CCR6,1235
CCR7,1236
CCR8,1237
CCR9,10803
CCS,9973
CCT4,10575
CD109,135228
CD14,929
CD151,977
CD160,11126
CD163,9332
CD177,57126
CD19,930
CD1A,909
CD1C,911
CD2,914
CD200R1,131450
CD209,30835
CD22,933
CD226,10666
CD24,100133941
CD244,51744
CD247,919
CD27,939
CD274,29126
CD28,940
CD2AP,23607
CD33,945
CD34,947
CD36,948
CD37,951
CD38,952
CD3D,915
CD3E,916
CD3G,917
CD4,920
CD40,958
CD40LG,959
CD44,960
CD46,4179
CD47,961
CD48,962
CD5,921
CD55,1604
CD58,965
CD59,966
CD6,923
CD63,967
CD69,969
CD70,970
CD72,971
CD74,972
CD79A,973
CD79B,974
CD80,941
CD81,975
CD82,3732
CD83,9308
CD86,942
CD8A,925
CD8B,926
CD9,928
CD96,10225
CD97,976
CD99,4267
CD99L2,83692
CDC14A,8556
CDC14B,8555
CDC16,8881
CDC20,991
CDC23,8697
CDC25A,993
CDC25B,994
CDC25C,995
CDC26,246184
CDC27,996
CDC34,997
CDC37,11140
CDC42,998
CDC42BPA,8476
CDC42SE1,56882
CDC45L,8318
CDC6,990
CDC7,8317
CDC73,79577
CDCA4,55038
CDCA5,113130
CDCA7,83879
CDCA7L,55536
CDCA8,55143
CDH1,999
CDH11,1009
CDH13,1012
CDH17,1015
CDH2,1000
CDH4,1002
CDH5,1003
CDK1,983
CDK11A,728642
CDK11B,984
CDK15,65061
CDK16,5127
CDK18,5129
CDK19,23097
CDK2,1017
CDK2AP1,8099
CDK3,1018
CDK4,1019
CDK5,1020
CDK5R1,8851
CDK5R2,8941
CDK5RAP2,55755
CDK5RAP3,80279
CDK6,1021
CDK7,1022
CDK8,1024
CDK9,1025
CDKL1,8814
CDKL3,51265
CDKL5,6792
CDKN1A,1026
CDKN1B,1027
CDKN1C,1028
CDKN2A,1029
CDKN2B,1030
CDKN2C,1031
CDKN2D,1032
CDKN3,1033
CDON,50937
CDR1,1038
CDR2,1039
CDS1,1040
CDSN,1041
CDT1,81620
CDX1,1044
CDX2,1045
CDX4,1046
CEACAM1,634
CEACAM5,1048
CEACAM7,1087
CEBPA,1050
CEBPB,1051
CEBPD,1052
CEBPZ,10153
CEL,1056
CELA1,1990
CELIAC2,317782
CELP,1057
CENPA,1058
CENPB,1059
CENPF,1063
CENPJ,55835
CEP110,11064
CEP135,9662
CEP152,22995
CEP164,22897
CEP250,11190
CEP290,80184
CEP55,55165
CEP57,9702
CEP63,80254
CEP70,80321
CEP72,55722
CEP76,79959
CEP78,84131
CER1,9350
CERK,64781
CES1,1066
CES2,8824
CES3,23491
CES4,51716
CES7,221223
CES8,283848
CETN2,1069
CETP,1071
CFB,629
CFD,1675
CFH,3075
CFI,3426
CFL1,1072
CFL2,1073
CFLAR,8837
CFM1,10167
CFM2,23727
CFP,5199
CFTR,1080
CGA,1081
CGB,1082
CGN,57530
CHAD,1101
CHAF1A,10036
CHAF1B,8208
CHAT,1103
CHD8,57680
CHEK1,1111
CHEK2,11200
CHFR,55743
CHGA,1113
CHGB,1114
CHI3L1,1116
CHIA,27159
CHIT1,1118
CHKA,1119
CHMP1A,5119
CHMP1B,57132
CHMP2A,27243
CHMP2B,25978
CHMP4A,29082
CHMP4B,128866
CHMP4C,92421
CHMP5,51510
CHMP6,79643
CHN1,1123
CHN2,1124
CHP,11261
CHP2,63928
CHRD,8646
CHRFAM7A,89832
CHRM1,1128
CHRM2,1129
CHRM3,1131
CHRM4,1132
CHRM5,1133
CHRNA1,1134
CHRNA7,1139
CHRNE,1145
CHUK,1147
CIAO1,9391
CIAPIN1,57019
CIDEA,1149
CIITA,4261
CILP,8483
CIR1,9541
CIRBP,1153
CISH,1154
CIT,11113
CITED1,4435
CITED2,10370
CKAP5,9793
CKB,1152
CKM,1158
CKS1A,137529
CKS1B,1163
CKS2,1164
CLASP1,23332
CLASRP,11129
CLCA1,1179
CLCA2,9635
CLCF1,23529
CLCN4,1183
CLDN1,9076
CLDN10,9071
CLDN11,5010
CLDN14,23562
CLDN15,24146
CLDN16,10686
CLDN17,26285
CLDN18,51208
CLDN19,149461
CLDN2,9075
CLDN20,49861
CLDN22,53842
CLDN23,137075
CLDN3,1365
CLDN4,1364
CLDN5,7122
CLDN6,9074
CLDN7,1366
CLDN8,9073
CLDN9,9080
CLEC1A,51267
CLEC2B,9976
CLEC3A,10143
CLEC4G,339390
CLEC7A,64581
CLIC1,1192
CLIC4,25932
CLIP1,6249
CLK1,1195
CLK2,1196
CLK3,1198
CLK4,57396
CLLU1,574028
CLLU1OS,574016
CLNS1A,1207
CLOCK,9575
CLP1,10978
CLSPN,63967
CLTA,1211
CLTB,1212
CLTC,1213
CLU,1191
CMA1,1215
CMKLR1,1240
CMM,1243
CMTM2,146225
CMTM3,123920
CMTM8,152189
CMTX2,1253
CNGA1,1259
CNGA2,1260
CNGA3,1261
CNGB1,1258
CNGB3,54714
CNKSR1,10256
CNN1,1264
CNOT6,57472
CNR1,1268
CNR2,1269
CNTF,1270
CNTFR,1271
CNTN1,1272
CNTN2,6900
CNTNAP1,8506
CNTNAP2,26047
COBRA1,25920
COIL,8161
COL10A1,1300
COL11A1,1301
COL11A2,1302
COL15A1,1306
COL17A1,1308
COL18A1,80781
COL1A1,1277
COL1A2,1278
COL24A1,255631
COL2A1,1280
COL3A1,1281
COL4A1,1282
COL4A2,1284
COL4A3,1285
COL4A3BP,10087
COL4A4,1286
COL4A6,1288
COL5A1,1289
COL5A2,1290
COL5A3,50509
COL6A1,1291
COL6A2,1292
COL6A3,1293
COL6A6,131873
COLEC12,81035
COMA,266710
COMMD1,150684
COMP,1311
COMT,1312
COP,1313
COPA,1314
COPD1,544444
COPD13,544417
COPD19,544416
COPS2,9318
COPS3,8533
COPS5,10987
COPS6,10980
CORIN,10699
CORT,1325
COX2,4513
COX5B,1329
CP,1356
CP1,50820
CP110,9738
CPB2,1361
CPE,1363
CPEB1,64506
CPLX1,10815
CPM,1368
CPS1,1373
CPSF1,29894
CPSF2,53981
CPSF3,51692
CPSF4,10898
CPSF7,79869
CPT1A,1374
CPT1B,1375
CPT1C,126129
CPT2,1376
CPVL,54504
CR1,1378
CR2,1380
CRADD,8738
CRB3,92359
CRCP,27297
CREB1,1385
CREB3,10488
CREB3L1,90993
CREB3L2,64764
CREB3L3,84699
CREB3L4,148327
CREB5,9586
CREBBP,1387
CREBZF,58487
CRELD1,78987
CREM,1390
CRH,1392
CRHBP,1393
CRHR1,1394
CRHR2,1395
CRIP1,1396
CRIP2,1397
CRIPAK,285464
CRIPT,9419
CRK,1398
CRKL,1399
CRLF1,9244
CRLF2,64109
CRP,1401
CRPP1,171422
CRTC1,23373
CRTC2,200186
CRX,1406
CRY1,1407
CRY2,1408
CRYAA,1409
CRYAB,1410
CRYBB2,1415
CRYZ,1429
CSAD,51380
CSAG2,728461
CSDA,8531
CSDC2,27254
CSDE1,7812
CSE,1433
CSE1L,1434
CSF1,1435
CSF1R,1436
CSF2,1437
CSF2RA,1438
CSF2RB,1439
CSF3,1440
CSF3R,1441
CSH1,1442
CSHL1,1444
CSK,1445
CSN1S1,1446
CSN2,1447
CSNK1A1,1452
CSNK1A1L,122011
CSNK1D,1453
CSNK1E,1454
CSNK1G1,53944
CSNK1G2,1455
CSNK1G3,1456
CSNK2A1,1457
CSNK2A2,1459
CSNK2B,1460
CSPG5,10675
CSRP1,1465
CSRP2,1466
CSRP3,8048
CST3,1471
CST6,1474
CSTA,1475
CSTF1,1477
CSTF2,1478
CSTF2T,23283
CSTF3,1479
CTAG1B,1485
CTBP1,1487
CTBP2,1488
CTCF,10664
CTDP1,9150
CTDSP1,58190
CTDSP2,10106
CTDSPL,10217
CTF1,1489
CTGF,1490
CTLA4,1493
CTNNA1,1495
CTNNA2,1496
CTNNA3,29119
CTNNB1,1499
CTNNBIP1,56998
CTNNBL1,56259
CTNND1,1500
CTNND2,1501
CTRC,11330
CTRL,1506
CTSB,1508
CTSD,1509
CTSF,8722
CTSG,1511
CTSH,1512
CTSK,1513
CTSL1,1514
CTSS,1520
CTTN,2017
CUBN,8029
CUEDC2,79004
CUL1,8454
CUL3,8452
CUL4A,8451
CUL5,8065
CUL7,9820
CUL9,23113
CUZD1,50624
CX3CL1,6376
CX3CR1,1524
CXCL1,2919
CXCL10,3627
CXCL11,6373
CXCL12,6387
CXCL13,10563
CXCL14,9547
CXCL16,58191
CXCL2,2920
CXCL3,2921
CXCL5,6374
CXCL6,6372
CXCL9,4283
CXCR1,3577
CXCR2,3579
CXCR3,2833
CXCR4,7852
CXCR5,643
CXCR6,10663
CXCR7,57007
CXorf15,55787
CXXC1,30827
CXXC4,80319
CYB5A,1528
CYB5R3,1727
CYBA,1535
CYBB,1536
CYCS,54205
CYFIP1,23191
CYFIP2,26999
CYLD,1540
CYP11A1,1583
CYP11B2,1585
CYP17A1,1586
CYP19A1,1588
CYP1A1,1543
CYP1A2,1544
CYP24A1,1591
CYP27A1,1593
CYP2B6,1555
CYP2C18,1562
CYP2C9,1559
CYP2D6,1565
CYP2E1,1571
CYP2J2,1573
CYP3A,1574
CYP3A4,1576
CYP4A11,1579
CYP4A22,284541
CYP7A1,1581
CYP7B1,9420
CYP8B1,1582
CYR61,3491
CYSLTR1,10800
CYSLTR2,57105
CYTH1,9267
CYTH2,9266
CYTH3,9265
CYTH4,27128
D4S234E,27065
DAAM1,23002
DAAM2,23500
DAB1,1600
DAB2,1601
DAB2IP,153090
DACH1,1602
DAG1,1605
DAK,26007
DAND5,199699
DAO,1610
DAOA,267012
DAP3,7818
DAPK1,1612
DAPK2,23604
DAPK3,1613
DAPP1,27071
DARC,2532
DAXX,1616
DAZ1,1617
DAZAP1,26528
DBF4,10926
DBF4B,80174
DBH,1621
DBI,1622
DBNL,28988
DBP,1628
DBT,1629
DCAF7,10238
DCC,1630
DCK,1633
DCLK1,9201
DCLK2,166614
DCLRE1B,64858
DCLRE1C,64421
DCN,1634
DCP1A,55802
DCP1B,196513
DCT,1638
DCTN1,1639
DCTN2,10540
DCTN3,11258
DCTN4,51164
DCTN5,84516
DCTN6,10671
DCUN1D1,54165
DDAH2,23564
DDB1,1642
DDB2,1643
DDC,1644
DDHD1,80821
DDIT3,1649
DDIT4,54541
DDOST,1650
DDR1,780
DDR2,4921
DDX1,1653
DDX17,10521
DDX18,8886
DDX19B,11269
DDX20,11218
DDX25,29118
DDX39A,10212
DDX3X,1654
DDX3Y,8653
DDX4,54514
DDX5,1655
DDX58,23586
DDX6,1656
DEAF1,10522
DECR1,1666
DEDD,9191
DEF6,50619
DEFA1,1667
DEFB1,1672
DEFB4,1673
DEK,7913
DEPDC6,64798
DES,1674
DEXI,28955
DFFA,1676
DFFB,1677
DFN8,1684
DFNB26,23714
DFNM1,54362
DGCR8,54487
DGKA,1606
DGKG,1608
DGKZ,8525
DGUOK,1716
DHFR,1719
DHH,50846
DHRS3,9249
DHX32,55760
DHX58,79132
DHX8,1659
DHX9,1660
DIABLO,56616
DIANPH,23771
DIAPH1,1729
DIAPH2,1730
DIAPH3,81624
DICER1,23405
DIRAS3,9077
DISC1,27185
DIXDC1,85458
DKC1,1736
DKK1,22943
DKK2,27123
DKK3,27122
DKK4,27121
DLAT,1737
DLC1,10395
DLD,1738
DLG1,1739
DLG2,1740
DLG3,1741
DLG4,1742
DLGAP1,9229
DLGAP5,9787
DLK1,8788
DLL1,28514
DLL3,10683
DLL4,54567
DLX2,1746
DLX3,1747
DLX4,1748
DLX5,1749
DMAP1,55929
DMBT1,1755
DMBX1,127343
DMD,1756
DMP1,1758
DMPK,1760
DMTF1,9988
DNAH8,1769
DNAJA1,3301
DNAJA2,10294
DNAJA3,9093
DNAJB1,3337
DNAJB1P,171221
DNAJB2,3300
DNAJB4,11080
DNAJB6,10049
DNAJC15,29103
DNAJC3,5611
DNAJC5,80331
DNAJC7,7266
DNAL4,10126
DNM1,1759
DNM1L,10059
DNM2,1785
DNMBP,23268
DNMT1,1786
DNMT3A,1788
DNMT3B,1789
DNMT3L,29947
DNTT,1791
DNTTIP1,116092
DOC2A,8448
DOCK1,1793
DOCK10,55619
DOCK11,139818
DOCK2,1794
DOCK6,57572
DOCK7,85440
DOCK9,23348
DOK1,1796
DOK2,9046
DOK3,79930
DOK4,55715
DOK5,55816
DOK6,220164
DOK7,285489
DPF2,5977
DPM3,54344
DPP10,57628
DPP4,1803
DPYSL2,1808
DRD1,1812
DRD2,1813
DRD3,1814
DRD4,1815
DRD5,1816
DSCAM,1826
DSG1,1828
DSP,1832
DSPP,1834
DST,667
DSTN,11034
DTX1,1840
DTX2,113878
DTX3,196403
DTX3L,151636
DTX4,23220
DUOX1,53905
DUOX2,50506
DUSP1,1843
DUSP10,11221
DUSP14,11072
DUSP16,80824
DUSP18,150290
DUSP2,1844
DUSP26,78986
DUSP3,1845
DUSP4,1846
DUSP5,1847
DUSP6,1848
DUSP7,1849
DUSP8,1850
DUSP9,1852
DUT,1854
DVL1,1855
DVL1L1,8215
DVL2,1856
DVL3,1857
DYM,54808
DYNC1H1,1778
DYNC1I2,1781
DYNLL1,8655
DYNLL2,140735
DYNLT1,6993
DYRK1A,1859
DYRK1B,9149
DYRK2,8445
DYRK3,8444
DYRK4,8798
E2F1,1869
E2F2,1870
E2F3,1871
E2F4,1874
E2F5,1875
E2F6,1876
E2F7,144455
E2F8,79733
E4F1,1877
EAF2,55840
EBAG9,9166
EBF4,57593
EBI3,10148
EBNA1BP2,10969
EBP,10682
ECE1,1889
ECM1,1893
ECSIT,51295
ECT2,1894
EDA,1896
EDA2R,60401
EDAR,10913
EDF1,8721
EDIL3,10085
EDN1,1906
EDN2,1907
EDN3,1908
EDNRA,1909
EDNRB,1910
EEA1,8411
EEC1,1913
EED,8726
EEF1A1,1915
EEF1A2,1917
EEF1B2,1933
EEF1B3,1934
EEF1D,1936
EEF1G,1937
EEF2,1938
EEF2K,29904
EFEMP2,30008
EFNA1,1942
EFNA2,1943
EFNA3,1944
EFNA4,1945
EFNA5,1946
EFNB1,1947
EFNB2,1948
EFNB3,1949
EGF,1950
EGFR,1956
EGLN1,54583
EGLN2,112398
EGLN3,112399
EGR1,1958
EGR2,1959
EGR3,1960
EGR4,1961
EHD1,10938
EHD3,30845
EHF,26298
EHHADH,1962
EHMT1,79813
EHMT2,10919
EI24,9538
EID2,163126
EIF1,10209
EIF1AX,1964
EIF2A,83939
EIF2AK1,27102
EIF2AK2,5610
EIF2AK3,9451
EIF2B1,1967
EIF2B2,8892
EIF2B3,8891
EIF2B4,8890
EIF2B5,8893
EIF2C2,27161
EIF2S1,1965
EIF2S2,8894
EIF2S3,1968
EIF3A,8661
EIF3B,8662
EIF3C,8663
EIF3D,8664
EIF3E,3646
EIF3F,8665
EIF3G,8666
EIF3H,8667
EIF3I,8668
EIF3J,8669
EIF3K,27335
EIF3L,51386
EIF3M,10480
EIF4A1,1973
EIF4A2,1974
EIF4A3,9775
EIF4B,1975
EIF4E,1977
EIF4E1B,253314
EIF4E2,9470
EIF4EBP1,1978
EIF4EBP3,8637
EIF4ENIF1,56478
EIF4G1,1981
EIF4G2,1982
EIF4G3,8672
EIF4H,7458
EIF5,1983
EIF5A,1984
EIF5B,9669
EIF6,3692
ELANE,1991
ELAVL1,1994
ELF1,1997
ELF2,1998
ELF3,1999
ELF4,2000
ELK1,2002
ELK3,2004
ELK4,2005
ELL3,80237
ELMO1,9844
ELN,2006
ELP2,55250
ELSPBP1,64100
EMD,2010
ENAH,55740
ENG,2022
ENO1,2023
ENPEP,2028
ENPP1,5167
ENPP2,5168
ENTPD1,953
EOMES,8320
EP300,2033
EP400,57634
EPAS1,2034
EPB41,2035
EPB41L1,2036
EPB41L2,2037
EPB41L3,23136
EPCAM,4072
EPD,64414
EPHA1,2041
EPHA2,1969
EPHA3,2042
EPHA4,2043
EPHA5,2044
EPHA6,285220
EPHA7,2045
EPHA8,2046
EPHB1,2047
EPHB2,2048
EPHB3,2049
EPHB4,2050
EPHB6,2051
EPHX1,2052
EPM2A,7957
EPN1,29924
EPN2,22905
EPN3,55040
EPO,2056
EPOR,2057
EPPK1,83481
EPS15,2060
EPS15L1,58513
EPS8,2059
EPX,8288
ERAL1,26284
ERBB2,2064
ERBB2IP,55914
ERBB3,2065
ERBB4,2066
ERC1,23085
ERCC1,2067
ERCC2,2068
ERCC3,2071
ERCC4,2072
ERCC5,2073
ERCC6,2074
ERCC6L,54821
ERCC8,1161
EREG,2069
ERF,2077
ERN1,2081
ERP44,23071
ERRFI1,54206
ERVK2,2087
ERVK6,64006
ERVWE1,30816
ESAM,90952
ESAT,2096
ESM1,11082
ESPL1,9700
ESR1,2099
ESR2,2100
ESRRA,2101
ESRRG,2104
ETF1,2107
ETFA,2108
ETFB,2109
ETFDH,2110
ETS1,2113
ETS2,2114
ETV1,2115
ETV3,2117
ETV4,2118
ETV5,2119
ETV6,2120
EVL,51466
EVPL,2125
EVX1,2128
EWSR1,2130
EXO1,9156
EXOC2,55770
EXOC4,60412
EXOC5,10640
EXOC6,54536
EXOC6B,23233
EXOC7,23265
EXOC8,149371
EXOSC3,51010
EXOSC5,56915
EXOSC7,23016
EXTL3,2137
EYA2,2139
EZH1,2145
EZH2,2146
EZR,7430
F10,2159
F11,2160
F11R,50848
F12,2161
F13A1,2162
F13B,2165
F2,2147
F2R,2149
F2RL1,2150
F2RL2,2151
F2RL3,9002
F3,2152
F5,2153
F7,2155
F8,2157
F9,2158
FAAH,2166
FABP1,2168
FABP3,2170
FABP4,2167
FABP6,2172
FADD,8772
FADS2,9415
FAF1,11124
FAIM,55179
FAIM3,9214
FAM110A,83541
FAM110D,79927
FAM123B,139285
FAM125A,93343
FAM125B,89853
FAM49B,51571
FAM57A,79850
FAM58A,92002
FANCA,2175
FANCB,2187
FANCC,2176
FANCD2,2177
FANCE,2178
FANCF,2188
FANCG,2189
FANCI,55215
FANCL,55120
FANCM,57697
FAP,2191
FARP1,10160
FARP2,9855
FARS2,10667
FAS,355
FASLG,356
FASN,2194
FASTK,10922
FAT1,2195
FBL,2091
FBLIM1,54751
FBLN1,2192
FBLN5,10516
FBN1,2200
FBP1,2203
FBP2,8789
FBXL5,26234
FBXO11,80204
FBXO15,201456
FBXO2,26232
FBXO3,26273
FBXO31,79791
FBXO32,114907
FBXO42,54455
FBXO43,286151
FBXO45,200933
FBXO5,26271
FBXO6,26270
FBXO7,25793
FBXO8,26269
FBXW11,23291
FBXW5,54461
FBXW7,55294
FCAR,2204
FCER1A,2205
FCER1G,2207
FCER2,2208
FCGR1A,2209
FCGR2A,2212
FCGR2B,2213
FCGR2C,9103
FCGR3A,2214
FCGR3B,2215
FDPS,2224
FDX1,2230
FDXR,2232
FECH,2235
FEM1A,55527
FEN1,2237
FER,2241
FERMT1,55612
FERMT2,10979
FES,2242
FEV,54738
FGA,2243
FGB,2244
FGD1,2245
FGD3,89846
FGF1,2246
FGF10,2255
FGF11,2256
FGF12,2257
FGF13,2258
FGF14,2259
FGF16,8823
FGF17,8822
FGF18,8817
FGF19,9965
FGF2,2247
FGF20,26281
FGF21,26291
FGF22,27006
FGF23,8074
FGF3,2248
FGF4,2249
FGF5,2250
FGF6,2251
FGF7,2252
FGF8,2253
FGF9,2254
FGFBP1,9982
FGFR1,2260
FGFR1OP,11116
FGFR2,2263
FGFR3,2261
FGFR4,2264
FGG,2266
FGL1,2267
FGL2,10875
FGR,2268
FHL1,2273
FHL2,2274
FHL5,9457
FHOD1,29109
FIGF,2277
FIP1L1,81608
FIS1,51024
FIZ1,84922
FKBP1A,2280
FKBP4,2288
FKBP5,2289
FKBP8,23770
FLI1,2313
FLII,2314
FLNA,2316
FLNB,2317
FLNC,2318
FLOT1,10211
FLOT2,2319
FLT1,2321
FLT3,2322
FLT3LG,2323
FLT4,2324
FMR1,2332
FN1,2335
FNBP1L,54874
FNIP1,96459
FNTA,2339
FOS,2353
FOSB,2354
FOSL1,8061
FOSL2,2355
FOXA1,3169
FOXA2,3170
FOXA3,3171
FOXC2,2303
FOXF1,2294
FOXG1,2290
FOXH1,8928
FOXL2,668
FOXM1,2305
FOXN2,3344
FOXN3,1112
FOXO1,2308
FOXO3,2309
FOXO4,4303
FOXO6,100132074
FOXP1,27086
FOXP3,50943
FPR1,2357
FPR2,2358
FRA16A,2460
FRA8B,2419
FRAT1,10023
FRAT2,23401
FRK,2444
FRS2,10818
FRS3,10817
FSHB,2488
FSHR,2492
FST,10468
FSTL1,11167
FSTL3,10272
FTH1,2495
FTL,2512
FUBP1,8880
FURIN,5045
FUS,2521
FUT1,2523
FXN,2395
FXR2,9513
FXYD2,486
FXYD5,53827
FYB,2533
FYN,2534
FZD1,8321
FZD10,11211
FZD2,2535
FZD3,7976
FZD4,8322
FZD5,7855
FZD6,8323
FZD7,8324
FZD8,8325
FZD9,8326
FZR1,51343
G3BP1,10146
G6PC,2538
G6PC2,57818
G6PD,2539
GAA,2548
GAB1,2549
GAB2,9846
GABARAP,11337
GABARAPL1,23710
GABARAPL2,11345
GABARAPL3,23766
GABBR1,2550
GABBR2,9568
GABPA,2551
GABRA1,2554
GABRA2,2555
GABRA3,2556
GABRA4,2557
GABRA5,2558
GABRA6,2559
GABRQ,55879
GAD1,2571
GAD2,2572
GADD45A,1647
GADD45B,4616
GADD45G,10912
GADD45GIP1,90480
GAK,2580
GAL,51083
GALK1,2584
GALNS,2588
GALNT1,2589
GALP,85569
GALR1,2587
GALR2,8811
GALR3,8484
GAP43,2596
GAPDH,2597
GAPDHP1,2616
GAPVD1,26130
GAS1,2619
GAS2,2620
GAS6,2621
GAS7,8522
GAST,2520
GATA1,2623
GATA2,2624
GATA3,2625
GATA4,2626
GATA6,2627
GBF1,8729
GBP1,2633
GBP3,2635
GCC1,79571
GCET2,257144
GCG,2641
GCGR,2642
GCH1,2643
GCHFR,2644
GCK,2645
GCKR,2646
GCLC,2729
GCOM1,145781
GDAP1,54332
GDEP,118425
GDF11,10220
GDF15,9518
GDF2,2658
GDF5,8200
GDF6,392255
GDF7,151449
GDF9,2661
GDI1,2664
GDI2,2665
GDNF,2668
GEFT,115557
GEMIN5,25929
GEMIN6,79833
GEMIN7,79760
GER,59330
GFAP,2670
GFER,2671
GFI1,2672
GFPT1,2673
GFRA1,2674
GFRA2,2675
GFRA3,2676
GFRA4,64096
GGA3,23163
GGCX,2677
GH1,2688
GH2,2689
GHR,2690
GHRH,2691
GHRHR,2692
GHRL,51738
GHS,7971
GHSR,2693
GIP,2695
GIPC1,10755
GIPR,2696
GIT1,28964
GIT2,9815
GJA1,2697
GJB1,2705
GJD2,57369
GK,2710
GK2,2712
GLB1,2720
GLG1,2734
GLI1,2735
GLI2,2736
GLI3,2737
GLIS2,84662
GLMN,11146
GLP1R,2740
GLP2R,9340
GLRA1,2741
GLS,2744
GLTSCR2,29997
GLYS1,2759
GMEB1,10691
GMFB,2764
GMNN,51053
GMPS,8833
GNA11,2767
GNA12,2768
GNA13,10672
GNA14,9630
GNA15,2769
GNAI1,2770
GNAI2,2771
GNAI3,2773
GNAL,2774
GNAO1,2775
GNAQ,2776
GNAS,2778
GNAT1,2779
GNAT2,2780
GNAZ,2781
GNB1,2782
GNB2,2783
GNB2L1,10399
GNB3,2784
GNB4,59345
GNB5,10681
GNG10,2790
GNG11,2791
GNG12,55970
GNG13,51764
GNG2,54331
GNG3,2785
GNG4,2786
GNG5,2787
GNG7,2788
GNG8,94235
GNGT1,2792
GNGT2,2793
GNL1,2794
GNL3,26354
GNLY,10578
GNPDA1,10007
GNRH1,2796
GNRH2,2797
GNRHR,2798
GNRHR2,114814
GNS,2799
GOLGA2,2801
GOLGA4,2803
GOLM1,51280
GORASP1,64689
GORASP2,26003
GOSR1,9527
GP1BA,2811
GP1BB,2812
GP2,2813
GP5,2814
GP6,51206
GP9,2815
GPA33,10223
GPAM,57678
GPBAR1,151306
GPBP1,65056
GPBP1L1,60313
GPC1,2817
GPC3,2719
GPD1L,23171
GPER,2852
GPHA2,170589
GPHB5,122876
GPHN,10243
GPI,2821
GPIHBP1,338328
GPLD1,2822
GPM6A,2823
GPR1,2825
GPR119,139760
GPR132,29933
GPR135,64582
GPR151,134391
GPR160,26996
GPR161,23432
GPR172A,79581
GPR172B,55065
GPR182,11318
GPR26,2849
GPR37,2861
GPR44,11251
GPR55,9290
GPR56,9289
GPR77,27202
GPX1,2876
GPX2,2877
GPX3,2878
GRAMD4,23151
GRAP,10750
GRAP2,9402
GRASP,160622
GRB10,2887
GRB14,2888
GRB2,2885
GRB7,2886
GREB1,9687
GREM1,26585
GRHL1,29841
GRHL3,57822
GRIA1,2890
GRIA2,2891
GRIK1,2897
GRIN1,2902
GRIN2A,2903
GRIN2B,2904
GRIN2C,2905
GRIN2D,2906
GRIP1,23426
GRK1,6011
GRK4,2868
GRK5,2869
GRK6,2870
GRK7,131890
GRLF1,2909
GRM1,2911
GRM4,2914
GRM5,2915
GRM7,2917
GRN,2896
GRP,2922
GRPR,2925
GSC,145258
GSG2,83903
GSK1,2929
GSK3A,2931
GSK3B,2932
GSN,2934
GSPT1,2935
GSR,2936
GSS,2937
GSTA2,2939
GSTM1,2944
GSTM2,2946
GSTP1,2950
GTF2A1,2957
GTF2A2,2958
GTF2B,2959
GTF2E1,2960
GTF2E2,2961
GTF2F1,2962
GTF2F2,2963
GTF2H1,2965
GTF2H2,2966
GTF2H3,2967
GTF2H4,2968
GTF2I,2969
GTF2IRD2,84163
GTF3A,2971
GTF3C1,2975
GTF3C3,9330
GTPBP1,9567
GTSE1,51512
GUCA1A,2978
GUCA1B,2979
GUCA1C,9626
GUCA2A,2980
GUCA2B,2981
GUCY1A2,2977
GUCY1A3,2982
GUCY1B3,2983
GUCY2C,2984
GUCY2D,3000
GUCY2F,2986
GULP1,51454
GYPA,2993
GYS1,2997
GYS2,2998
GZMA,3001
GZMB,3002
GZMH,2999
GZMM,3004
H19,283120
H2AFX,3014
H2AFY,9555
H2AFZ,3015
H3F3A,3020
H3F3B,3021
HABP2,3026
HADH,3033
HADHB,3032
HAGH,3029
HAMP,57817
HAND1,9421
HAND2,9464
HAPLN1,1404
HAS1,3036
HAS2,3037
HAT1,8520
HAUS2,55142
HAVCR1,26762
HAX1,10456
HBA1,3039
HBA2,3040
HBB,3043
HBEGF,1839
HBG2,3048
HBP1,26959
HBXIP,10542
HCFC1,3054
HCK,3055
HCLS1,3059
HCN2,610
HCN4,10021
HCRT,3060
HCRTR1,3061
HCRTR2,3062
HCST,10870
HDAC1,3065
HDAC10,83933
HDAC11,79885
HDAC2,3066
HDAC3,8841
HDAC4,9759
HDAC5,10014
HDAC6,10013
HDAC7,51564
HDAC8,55869
HDAC9,9734
HDC,3067
HDDC2,51020
HDGF,3068
HDLBP,3069
HDLCQ5,100188818
HECA,51696
HECTD3,79654
HECW1,23072
HELLS,3070
HEPACAM,220296
HERC2,8924
HERPUD1,9709
HERPUD2,64224
HES1,3280
HES5,388585
HES6,55502
HES7,84667
HEXIM1,10614
HEY1,23462
HEY2,23493
HFE,3077
HFE2,148738
HGF,3082
HGFAC,3083
HGS,9146
HHAT,55733
HHCM,10639
HHIP,64399
HIC1,3090
HIF1A,3091
HIF1AN,55662
HINFP,25988
HINT1,3094
HIP1,3092
HIPK1,204851
HIPK2,28996
HIPK4,147746
HIRIP3,8479
HIST1H1B,3009
HIST1H1E,3008
HIST1H2BA,255626
HIST2H2AA3,8337
HIST2H2AC,8338
HIST2H2BE,8349
HIST2H3C,126961
HIST2H4A,8370
HIST3H3,8290
HIST4H4,121504
HIVEP1,3096
HIVEP2,3097
HIVEP3,59269
HK1,3098
HK2,3099
HLA-A,3105
HLA-B,3106
HLA-C,3107
HLA-DMA,3108
HLA-DMB,3109
HLA-DOA,3111
HLA-DOB,3112
HLA-DPA1,3113
HLA-DPB1,3115
HLA-DQA1,3117
HLA-DQA2,3118
HLA-DQB1,3119
HLA-DRA,3122
HLA-DRB1,3123
HLA-DRB3,3125
HLA-DRB4,3126
HLA-DRB5,3127
HLA-E,3133
HLA-F,3134
HLA-G,3135
HLCS,3141
HLF,3131
HLX,3142
HM13,81502
HMBOX1,79618
HMBS,3145
HMG20B,10362
HMGA1,3159
HMGA2,8091
HMGB1,3146
HMGB2,3148
HMGCR,3156
HMGCS1,3157
HMGCS2,3158
HMGN1,3150
HMGN3,9324
HMHA1,23526
HMMR,3161
HMOX1,3162
HMOX2,3163
HN1L,90861
HNF1A,6927
HNF1B,6928
HNF4A,3172
HNRNPA1,3178
HNRNPA2B1,3181
HNRNPC,3183
HNRNPD,3184
HNRNPH3,3189
HNRNPK,3190
HNRNPR,10236
HNRNPU,3192
HNRNPUL1,11100
HNRPA1L3,388275
HOMER2,9455
HOMER3,9454
HOXA10,3206
HOXA2,3199
HOXA4,3201
HOXA5,3202
HOXA7,3204
HOXA9,3205
HOXB13,10481
HOXB4,3214
HOXB7,3217
HOXB9,3219
HOXC8,3224
HOXD4,3233
HOXD9,3235
HP,3240
HPCA,3208
HPCX,9566
HPGD,3248
HPGDS,27306
HPN,3249
HPSE,10855
HPX,3263
HR,55806
HRAS,3265
HRG,3273
HRH1,3269
HRH2,3274
HRH3,11255
HRH4,59340
HRK,8739
HRPT1,3278
HSA4687G,4687
HSAJ2425,55566
HSBP1,3281
HSD11B1,3290
HSD17B10,3028
HSD17B2,3294
HSD17B4,3295
HSD3B2,3284
HSF1,3297
HSF2,3298
HSFX1,100506164
HSFY1,86614
HSP90AA1,3320
HSP90AA4P,3323
HSP90AB1,3326
HSP90B1,7184
HSPA1A,3303
HSPA1B,3304
HSPA1L,3305
HSPA2,3306
HSPA4,3308
HSPA5,3309
HSPA6,3310
HSPA8,3312
HSPA9,3313
HSPB1,3315
HSPB2,3316
HSPB6,126393
HSPBP1,23640
HSPD1,3329
HSPE1,3336
HSPG2,3339
HTATIP2,10553
HTATSF1,27336
HTR1A,3350
HTR1B,3351
HTR1D,3352
HTR1E,3354
HTR1F,3355
HTR2A,3356
HTR2B,3357
HTR2C,3358
HTR3A,3359
HTR4,3360
HTR5A,3361
HTR5B,645694
HTR6,3362
HTR7,3363
HTRA2,27429
HTT,3064
HUNK,30811
HUS1,3364
HUWE1,10075
HVBS6,3368
HVBS7,3369
HVBS8,3370
HVCN1,84329
HYAL1,3373
HYAL2,8692
IAPP,3375
IBSP,3381
IBTK,25998
ICAM1,3383
ICAM2,3384
ICAM3,3385
ICAM4,3386
ICAM5,7087
ICK,22858
ICOS,29851
ICOSLG,23308
ID1,3397
ID2,3398
ID3,3399
ID4,3400
IDDM2,3401
IDE,3416
IDO1,3620
IDS,3423
IER3,8870
IFI16,3428
IFI27,3429
IFI44,10561
IFI6,2537
IFIH1,64135
IFIT3,3437
IFITM1,8519
IFNA1,3439
IFNA10,3446
IFNA13,3447
IFNA14,3448
IFNA16,3449
IFNA17,3451
IFNA2,3440
IFNA21,3452
IFNA4,3441
IFNA5,3442
IFNA6,3443
IFNA7,3444
IFNA8,3445
IFNAR1,3454
IFNAR2,3455
IFNB1,3456
IFNE,338376
IFNG,3458
IFNGR1,3459
IFNGR2,3460
IFNK,56832
IFNW1,3467
IFRD1,3475
IFT172,26160
IFT88,8100
IGAN,60498
IGBP1,3476
IGF1,3479
IGF1R,3480
IGF2,3481
IGF2BP1,10642
IGF2BP3,10643
IGF2R,3482
IGFALS,3483
IGFBP1,3484
IGFBP2,3485
IGFBP3,3486
IGFBP4,3487
IGFBP5,3488
IGFBP6,3489
IGFBP7,3490
IGHA1,3493
IGHD2-15,28503
IGHE,3497
IGHG1,3500
IGHG3,3502
IGHM,3507
IGKV1-16,28938
IGKV1-17,28937
IGKV1-6,28943
IGKV5-2,28907
IGL@,3535
IGLL2,3544
IGSF5,150084
IGSF8,93185
IHH,3549
IHPK2,51447
IK,3550
IKBKAP,8518
IKBKB,3551
IKBKE,9641
IKBKG,8517
IKZF1,10320
IKZF2,22807
IKZF3,22806
IL10,3586
IL10RA,3587
IL10RB,3588
IL11,3589
IL11RA,3590
IL12A,3592
IL12B,3593
IL12RB1,3594
IL12RB2,3595
IL13,3596
IL13RA1,3597
IL13RA2,3598
IL15,3600
IL15RA,3601
IL16,3603
IL17A,3605
IL17B,27190
IL17D,53342
IL17F,112744
IL17RA,23765
IL17RB,55540
IL17RD,54756
IL18,3606
IL18BP,10068
IL18R1,8809
IL18RAP,8807
IL19,29949
IL1A,3552
IL1B,3553
IL1R1,3554
IL1R2,7850
IL1RAP,3556
IL1RAPL1,11141
IL1RL1,9173
IL1RN,3557
IL2,3558
IL20,50604
IL20RA,53832
IL20RB,53833
IL21,59067
IL21R,50615
IL22,50616
IL22RA1,58985
IL22RA2,116379
IL23A,51561
IL23R,149233
IL24,11009
IL25,64806
IL27,246778
IL27RA,9466
IL28A,282616
IL28B,282617
IL28RA,163702
IL29,282618
IL2RA,3559
IL2RB,3560
IL2RG,3561
IL3,3562
IL31,386653
IL31RA,133396
IL32,9235
IL33,90865
IL3RA,3563
IL4,3565
IL4I1,259307
IL4R,3566
IL5,3567
IL5RA,3568
IL6,3569
IL6R,3570
IL6ST,3572
IL7,3574
IL7R,3575
IL8,3576
IL9,3578
IL9R,3581
ILF3,3609
ILK,3611
ILKAP,80895
IMPA1,3612
INADL,10207
INCENP,3619
ING1,3621
ING2,3622
ING5,84289
INGX,27160
INHA,3623
INHBA,3624
INHBB,3625
INHBC,3626
INHBE,83729
INPP5A,3632
INPP5D,3635
INPP5J,27124
INPP5K,51763
INPPL1,3636
INS,3630
INSIG1,3638
INSL3,3640
INSL5,10022
INSR,3643
INSRR,3645
INTS12,57117
INTS3,65123
INTS6,26512
IPCEF1,26034
IPS,619482
IQCB1,9657
IQGAP1,8826
IQGAP2,10788
IQGAP3,128239
IQSEC1,9922
IRAK1,3654
IRAK1BP1,134728
IRAK2,3656
IRAK3,11213
IRAK4,51135
IREB2,3658
IRF1,3659
IRF2,3660
IRF2BP1,26145
IRF3,3661
IRF4,3662
IRF5,3663
IRF6,3664
IRF7,3665
IRF8,3394
IRF9,10379
IRS1,3667
IRS2,8660
IRS4,8471
ISG15,9636
ISG20,3669
ISL1,3670
ISYNA1,51477
ITCH,83737
ITGA1,3672
ITGA10,8515
ITGA11,22801
ITGA2,3673
ITGA2B,3674
ITGA3,3675
ITGA4,3676
ITGA5,3678
ITGA6,3655
ITGA7,3679
ITGA8,8516
ITGA9,3680
ITGAD,3681
ITGAE,3682
ITGAL,3683
ITGAM,3684
ITGAV,3685
ITGAX,3687
ITGB1,3688
ITGB2,3689
ITGB3,3690
ITGB3BP,23421
ITGB4,3691
ITGB5,3693
ITGB6,3694
ITGB7,3695
ITGB8,3696
ITK,3702
ITM2B,9445
ITPR1,3708
ITPR2,3709
ITPR3,3710
ITSN1,6453
ITSN2,50618
IV,8114
IVL,3713
JAG1,182
JAG2,3714
JAK1,3716
JAK2,3717
JAK3,3718
JAKMIP1,152789
JAKMIP2,9832
JAM2,58494
JAM3,83700
JARID2,3720
JDP2,122953
JMJD6,23210
JMJD7-PLA2G4B,8681
JMY,133746
JUB,84962
JUN,3725
JUNB,3726
JUND,3727
JUP,3728
KALRN,8997
KAT2A,2648
KAT2B,8850
KAT5,10524
KCNA1,3736
KCNA2,3737
KCND1,3750
KCND2,3751
KCNE2,9992
KCNE4,23704
KCNH1,3756
KCNH2,3757
KCNIP1,30820
KCNIP2,30819
KCNIP3,30818
KCNIP4,80333
KCNJ1,3758
KCNJ10,3766
KCNJ11,3767
KCNJ2,3759
KCNJ3,3760
KCNJ4,3761
KCNK3,3777
KCNK5,8645
KCNN1,3780
KCNN2,3781
KCNN3,3782
KCNN4,3783
KCNQ1,3784
KCNQ1OT1,10984
KDELR1,10945
KDELR2,11014
KDELR3,11015
KDM1A,23028
KDM3A,55818
KDM4A,9682
KDM4C,23081
KDM5C,8242
KDM5D,8284
KDR,3791
KEAP1,9817
KHDRBS1,10657
KHDRBS2,202559
KHSRP,8570
KIAA0101,9768
KIAA0652,9776
KIAA1524,57650
KIAA1704,55425
KIAA1967,57805
KIDINS220,57498
KIF11,3832
KIF12,113220
KIF13B,23303
KIF15,56992
KIF17,57576
KIF20A,10112
KIF22,3835
KIF23,9493
KIF2A,3796
KIF2C,11004
KIF3A,11127
KIFAP3,22920
KIR2DL1,3802
KIR2DL2,3803
KIR2DL3,3804
KIR2DL4,3805
KIR2DL5A,57292
KIR2DS1,3806
KIR2DS2,100132285
KIR2DS3,3808
KIR2DS4,3809
KIR2DS5,3810
KIR3DL1,3811
KIR3DL2,3812
KIR3DL3,115653
KIR3DS1,3813
KIRREL,55243
KISS1,3814
KISS1R,84634
KIT,3815
KITLG,4254
KL,9365
KLC1,3831
KLF1,10661
KLF10,7071
KLF11,8462
KLF13,51621
KLF2,10365
KLF3,51274
KLF4,9314
KLF5,688
KLF6,1316
KLF8,11279
KLHL20,27252
KLHL25,64410
KLK1,3816
KLK2,3817
KLK3,354
KLK4,9622
KLK5,25818
KLK6,5653
KLK7,5650
KLKB1,3818
KLRC1,3821
KLRC2,3822
KLRC3,3823
KLRC4,8302
KLRD1,3824
KLRG1,10219
KLRK1,22914
KNG1,3827
KPNA1,3836
KPNA2,3838
KPNA3,3839
KPNA6,23633
KPNB1,3837
KRAS,3845
KREMEN1,83999
KREMEN2,79412
KRIT1,889
KRT1,3848
KRT14,3861
KRT16,3868
KRT17,3872
KRT18,3875
KRT19,3880
KRT5,3852
KRT7,3855
KRT8,3856
KSR1,8844
KSR2,283455
KTN1,3895
L1CAM,3897
LAMA1,284217
LAMA2,3908
LAMA3,3909
LAMA4,3910
LAMA5,3911
LAMB1,3912
LAMB2,3913
LAMB3,3914
LAMB4,22798
LAMC1,3915
LAMC2,3918
LAMC3,10319
LAMP1,3916
LAPTM5,7805
LARGE,9215
LARP1,23367
LARP6,55323
LAS1L,81887
LASP1,3927
LAT,27040
LAT2,7462
LATS1,9113
LATS2,26524
LAX1,54900
LAYN,143903
LBP,3929
LBR,3930
LCAT,3931
LCE1E,353135
LCK,3932
LCN2,3934
LCP1,3936
LCP2,3937
LDB1,8861
LDHA,3939
LDLR,3949
LDLRAP1,26119
LDOC1,23641
LECT2,3950
LEF1,51176
LEFTY1,10637
LEFTY2,7044
LEP,3952
LEPR,3953
LETMD1,25875
LFNG,3955
LGALS1,3956
LGALS3,3958
LGALS3BP,3959
LGALS7,3963
LGALS8,3964
LGALS9,3965
LGI1,9211
LGI3,203190
LGMN,5641
LGR4,55366
LGV1,140802
LHB,3972
LHCGR,3973
LHX1,3975
LHX3,8022
LHX9,56956
LIF,3976
LIFR,3977
LIG1,3978
LIG3,3980
LIG4,3981
LILRA2,11027
LILRB1,10859
LILRB3,11025
LILRB4,11006
LIMA1,51474
LIME1,54923
LIMK1,3984
LIMK2,3985
LIMS1,3987
LIMS2,55679
LIN28,79727
LIN28B,389421
LIN7A,8825
LINGO1,84894
LIPC,3990
LIPE,3991
LIPF,8513
LIPG,9388
LIPH,200879
LITAF,9516
LLGL1,3996
LMLN,89782
LMNA,4000
LMNB1,4001
LMNB2,84823
LMO4,8543
LMO7,4008
LMOD1,25802
LMTK2,22853
LNCR1,450093
LNPEP,4012
LOC100290337,100290337
LOC100291837,100291837
LOC646048,646048
LOC646821,646821
LOC650621,650621
LOC651610,651610
LOC652346,652346
LOC652614,652614
LOC652671,652671
LOC652799,652799
LOC653888,653888
LOC728622,728622
LOC729991-MEF2B,4207
LOC731751,731751
LOC93202,93202
LOX,4015
LOXHD1,125336
LPA,4018
LPAR2,9170
LPAR3,23566
LPAR4,2846
LPCAT1,79888
LPCAT4,254531
LPGP1,4021
LPHN1,22859
LPIN1,23175
LPIN2,9663
LPL,4023
LPO,4025
LPP,4026
LPXN,9404
LRBA,987
LRDD,55367
LRIG1,26018
LRP1,4035
LRP11,84918
LRP2,4036
LRP5,4041
LRP6,4040
LRP8,7804
LRPAP1,4043
LRPPRC,10128
LRRC32,2615
LRRC4C,57689
LRRFIP1,9208
LSM1,27257
LSM2,57819
LSM3,27258
LSM4,25804
LSM5,23658
LSM6,11157
LSP1,4046
LSR,51599
LTA,4049
LTB,4050
LTB4R,1241
LTB4R2,56413
LTBP1,4052
LTBR,4055
LTF,4057
LTK,4058
LUC7L2,51631
LUZP1,7798
LXN,56925
LY9,4063
LY96,23643
LYL1,4066
LYN,4067
LYPLA1,10434
LYPLAL1,127018
LYZ,4069
LZTFL1,54585
LZTS1,11178
MACF1,23499
MACROD1,28992
MAD1L1,8379
MAD2L1,4085
MAD2L2,10459
MADCAM1,8174
MADD,8567
MAF,4094
MAF1,84232
MAFA,389692
MAFB,9935
MAFG,4097
MAGEA1,4100
MAGEA12,4111
MAGEA2B,266740
MAGEA6,4105
MAGEA9,4108
MAGEB6,158809
MAGED1,9500
MAGEE1,57692
MAGI1,9223
MAGI2,9863
MAGI3,260425
MAGOH,4116
MAK,4117
MALS,497659
MALT1,10892
MAML1,9794
MAML2,84441
MAML3,55534
MAOA,4128
MAOB,4129
MAP1A,4130
MAP1B,4131
MAP2,4133
MAP2K1,5604
MAP2K2,5605
MAP2K3,5606
MAP2K4,6416
MAP2K5,5607
MAP2K6,5608
MAP2K7,5609
MAP3K1,4214
MAP3K10,4294
MAP3K11,4296
MAP3K12,7786
MAP3K13,9175
MAP3K14,9020
MAP3K19,80122
MAP3K2,10746
MAP3K3,4215
MAP3K4,4216
MAP3K5,4217
MAP3K6,9064
MAP3K7,6885
MAP3K7CL,56911
MAP3K7IP1,10454
MAP3K7IP2,23118
MAP3K7IP3,257397
MAP3K8,1326
MAP3K9,4293
MAP4,4134
MAP4K1,11184
MAP4K2,5871
MAP4K3,8491
MAP4K4,9448
MAP4K5,11183
MAPK1,5594
MAPK10,5602
MAPK11,5600
MAPK12,6300
MAPK13,5603
MAPK14,1432
MAPK15,225689
MAPK3,5595
MAPK4,5596
MAPK6,5597
MAPK7,5598
MAPK8,5599
MAPK8IP1,9479
MAPK8IP2,23542
MAPK8IP3,23162
MAPK9,5601
MAPKAP1,79109
MAPKAPK2,9261
MAPKAPK3,7867
MAPKAPK5,8550
MAPKSP1,8649
MAPRE1,22919
MAPT,4137
MARCKS,4082
MARCKSL1,65108
MARK2,2011
MARK3,4140
MARK4,57787
MAS1,4142
MASP1,5648
MASP2,10747
MAST1,22983
MAST2,23139
MAT2A,4144
MATK,4145
MATN3,4148
MATR3,9782
MAVS,57506
MAX,4149
MAZ,4150
MB,4151
MBD2,8932
MBD3,53615
MBD4,8930
MBL2,4153
MBNL1,4154
MBNL3,55796
MBP,4155
MBTPS1,8720
MBTPS2,51360
MC1R,4157
MC2R,4158
MC3R,4159
MC4R,4160
MC5R,4161
MCAM,4162
MCC,4163
MCF2,4168
MCF2L,23263
MCHR1,2847
MCHR2,84539
MCL1,4170
MCM2,4171
MCM3,4172
MCM3AP,8888
MCM4,4173
MCM5,4174
MCM6,4175
MCM7,4176
MCM9,254394
MDC1,9656
MDD1,431708
MDDC,7966
MDFI,4188
MDGA1,266727
MDK,4192
MDM1,56890
MDM2,4193
MDM4,4194
ME1,4199
MECOM,2122
MED1,5469
MED12,9968
MED13L,23389
MED14,9282
MED15,51586
MED28,80306
MEF2A,4205
MEF2C,4208
MEF2D,4209
MEFV,4210
MEG3,55384
MEGF8,1954
MEHMO,8422
MEIS1,4211
MEMO1,51072
MEN1,4221
MEOX1,4222
MEOX2,4223
MERTK,10461
MET,4233
METTL1,4234
METTL3,56339
MFAP5,8076
MFGE8,4240
MFN1,55669
MFN2,9927
MFNG,4242
MGAT3,4248
MGC29506,51237
MGMT,4255
MGP,4256
MGRN1,23295
MIA,8190
MICA,4276
MICB,4277
MICC,221549
MIF,4282
MINA,84864
MINK1,50488
MIR101-1,406893
MIR107,406901
MIR10A,406902
MIR145,406937
MIR146A,406938
MIR153-1,406944
MIR184,406960
MIR21,406991
MIR22,407004
MIR221,407006
MIR31,407035
MIR7-1,407043
MIR93,407050
MIS18BP1,55320
MISP,126353
MITF,4286
MKL1,57591
MKNK1,8569
MKNK2,2872
MKS1,54903
MLANA,2315
MLC1,23209
MLF1IP,79682
MLF2,8079
MLH1,4292
MLL,4297
MLLT10,8028
MLLT4,4301
MLN,4295
MLNR,2862
MLST8,64223
MLX,6945
MLXIPL,51085
MME,4311
MMP1,4312
MMP10,4319
MMP11,4320
MMP12,4321
MMP13,4322
MMP14,4323
MMP16,4325
MMP17,4326
MMP2,4313
MMP20,9313
MMP24,10893
MMP26,56547
MMP3,4314
MMP7,4316
MMP8,4317
MMP9,4318
MMRN1,22915
MMS19,64210
MN1,4330
MNAT1,4331
MNX1,3110
MOAP1,64112
MOBKL3,25843
MOBP,4336
MOG,4340
MON1B,22879
MORC3,23515
MORF4,10934
MORF4L1,10933
MOS,4342
MPDZ,8777
MPG,4350
MPL,4352
MPO,4353
MPP5,64398
MPRIP,23164
MPZ,4359
MPZL1,9019
MRAS,22808
MRC2,9902
MRE11A,4361
MRGPRX2,117194
MRGPRX3,117195
MRPL11,65003
MRPL18,29074
MRPS7,51081
MRVI1,10335
MS,4397
MS4A2,2206
MSANTD2,79684
MSC,9242
MSH2,4436
MSLN,10232
MSN,4478
MSR1,4481
MST1,4485
MST1R,4486
MSTN,2660
MSX1,4487
MSX2,4488
MT1G,4495
MT2A,4502
MT3,4504
MTA1,9112
MTA2,9219
MTA3,57504
MTBP,27085
MTCP1,4515
MTDH,92140
MTF2,22823
MTG1,92170
MTIF2,4528
MTMR12,54545
MTMR6,9107
MTNR1A,4543
MTNR1B,4544
MTOR,2475
MTSS1,9788
MTTP,4547
MTUS1,57509
MUC1,4582
MUC2,4583
MUC20,200958
MUC3A,4584
MUC4,4585
MUC5AC,4586
MUC6,4588
MUC8,4590
MUS81,80198
MUSK,4593
MUTYH,4595
MVP,9961
MX1,4599
MX2,4600
MXD1,4084
MXD4,10608
MXI1,4601
MYAS1,246750
MYB,4602
MYBL1,4603
MYBL2,4605
MYBPC3,4607
MYC,4609
MYCBP,26292
MYCBP2,23077
MYCN,4613
MYCT1,80177
MYD88,4615
MYEF2,50804
MYEOV,26579
MYEOV2,150678
MYF5,4617
MYF6,4618
MYH1,4619
MYH10,4628
MYH11,4629
MYH13,8735
MYH14,79784
MYH15,22989
MYH2,4620
MYH3,4621
MYH4,4622
MYH6,4624
MYH7,4625
MYH7B,57644
MYH8,4626
MYH9,4627
MYL1,4632
MYL10,93408
MYL12A,10627
MYL12B,103910
MYL2,4633
MYL3,4634
MYL4,4635
MYL5,4636
MYL6B,140465
MYL7,58498
MYL9,10398
MYLK,4638
MYLK2,85366
MYLK3,91807
MYLPF,29895
MYO1E,4643
MYO1F,4542
MYO3A,53904
MYO5B,4645
MYO5C,55930
MYO6,4646
MYO9A,4649
MYO9B,4650
MYOC,4653
MYOCD,93649
MYOD1,4654
MYOG,4656
MYOM1,8736
MYOM2,9172
MYP3,8782
MYRF,745
MYRIP,25924
MYST1,84148
MYST2,11143
MYST3,7994
MYT1,4661
MZF1,7593
N4BP1,9683
NAA10,8260
NAA16,79612
NAB2,4665
NABP1,64859
NACC1,112939
NACC2,138151
NADK,65220
NAE1,8883
NAGPA,51172
NAIP,4671
NAMPT,10135
NANOG,79923
NANOS1,340719
NAP1L1,4673
NARS,4677
NASP,4678
NBN,4683
NBR1,4077
NCALD,83988
NCAM1,4684
NCAM2,4685
NCAPD2,9918
NCAPD3,23310
NCAPG,64151
NCAPH,23397
NCBP1,4686
NCBP2,22916
NCF1,653361
NCF1C,654817
NCF2,4688
NCF4,4689
NCK1,4690
NCK2,8440
NCKAP1,10787
NCKAP1L,3071
NCKIPSD,51517
NCL,4691
NCOA1,8648
NCOA2,10499
NCOA3,8202
NCOA4,8031
NCOA6,23054
NCOA7,135112
NCOR1,9611
NCOR2,9612
NCR1,9437
NCR2,9436
NCR3,259197
NCRUPAR,100302746
NCSTN,23385
NDC80,10403
NDE1,54820
NDEL1,81565
NDN,4692
NDP,4693
NDRG1,10397
NDRG2,57447
NDRG4,65009
NDUFA13,51079
NDUFAF2,91942
NDUFB2,4708
NDUFB4,4710
NDUFB9,4715
NDUFS1,4719
NDUFS2,4720
NDUFV3,4731
NEB,4703
NEDD1,121441
NEDD4,4734
NEDD4L,23327
NEDD8,4738
NEDD9,4739
NEFH,4744
NEFL,4747
NEFM,4741
NEIL1,79661
NEIL2,252969
NEK1,4750
NEK10,152110
NEK11,79858
NEK2,4751
NEK3,4752
NEK4,6787
NEK6,10783
NEK7,140609
NEK8,284086
NEK9,91754
NELL1,4745
NELL2,4753
NEO1,4756
NES,10763
NET1,10276
NEU3,10825
NEUROD1,4760
NEUROD4,58158
NEUROG1,4762
NEUROG3,50674
NEXN,91624
NF1,4763
NF2,4771
NFAM1,150372
NFASC,23114
NFAT5,10725
NFATC1,4772
NFATC2,4773
NFATC3,4775
NFATC4,4776
NFE2,4778
NFE2L1,4779
NFE2L2,4780
NFIA,4774
NFIB,4781
NFIC,4782
NFIL3,4783
NFIX,4784
NFKB1,4790
NFKB2,4791
NFKBIA,4792
NFKBIB,4793
NFKBIE,4794
NFU1,27247
NFYA,4800
NFYB,4801
NFYC,4802
NGEF,25791
NGF,4803
NGFR,4804
NGFRAP1,27018
NHEJ1,79840
NHLRC1,378884
NHP2,55651
NID1,4811
NIM1,167359
NINL,22981
NIPBL,25836
NISCH,11188
NKD1,85407
NKD2,85409
NKIRAS1,28512
NKIRAS2,28511
NKRF,55922
NKX2-1,7080
NKX2-2,4821
NKX2-5,1482
NKX3-1,4824
NLGN1,22871
NLGN2,57555
NLGN3,54413
NLGN4X,57502
NLK,51701
NLRC4,58484
NLRP1,22861
NLRP3,114548
NLRP4,147945
NLRP6,171389
NLRX1,79671
NM,4827
NMB,4828
NMBR,4829
NME1,4830
NME2,4831
NME2P1,283458
NME3,4832
NMI,9111
NMNAT1,64802
NMRAL1,57407
NMS,129521
NMT1,4836
NMU,10874
NMUR1,10316
NMUR2,56923
NOC2L,26155
NOC4L,79050
NOD1,10392
NOD2,64127
NODAL,4838
NOG,9241
NOL3,8996
NOL7,51406
NONO,4841
NOP2,4839
NOS1,4842
NOS2,4843
NOS2P3,339256
NOS3,4846
NOSTRIN,115677
NOTCH1,4851
NOTCH2,4853
NOTCH2NL,388677
NOTCH3,4854
NOTCH4,4855
NOV,4856
NOX1,27035
NOX3,50508
NOX4,50507
NOXA1,10811
NPAS2,4862
NPAT,4863
NPB,256933
NPBWR1,2831
NPBWR2,2832
NPC1,257641
NPC2,10577
NPFF,8620
NPFFR1,64106
NPFFR2,10886
NPHS1,4868
NPHS2,7827
NPM1,4869
NPNT,255743
NPPA,4878
NPPB,4879
NPPC,4880
NPR1,4881
NPR2,4882
NPR3,4883
NPS,594857
NPSR1,387129
NPVF,64111
NPW,283869
NPY,4852
NPY1R,4886
NPY2R,4887
NPY5R,4889
NPY6R,4888
NQO1,1728
NQO2,4835
NR0B1,190
NR0B2,8431
NR1D1,9572
NR1H2,7376
NR1H3,10062
NR1H4,9971
NR1I2,8856
NR1I3,9970
NR2C1,7181
NR2C2,7182
NR2C2AP,126382
NR2F1,7025
NR2F2,7026
NR3C1,2908
NR3C2,4306
NR4A1,3164
NR4A2,4929
NR4A3,8013
NR5A1,2516
NR5A2,2494
NRAS,4893
NRBP1,29959
NRBP2,340371
NRCAM,4897
NRD1,4898
NRF1,4899
NRG1,3084
NRG2,9542
NRG3,10718
NRG4,145957
NRIP1,8204
NRIP2,83714
NRK,203447
NRL,4901
NRP1,8829
NRP2,8828
NRTN,4902
NRXN1,9378
NRXN2,9379
NRXN3,9369
NSA2,10412
NSD1,64324
NSF,4905
NSMAF,8439
NSUN2,54888
NT5E,4907
NTF3,4908
NTF4,4909
NTHL1,4913
NTN1,9423
NTN3,4917
NTN4,59277
NTNG1,22854
NTRK1,4914
NTRK2,4915
NTRK3,4916
NTS,4922
NTSR1,4923
NTSR2,23620
NUAK1,9891
NUCB1,4924
NUCKS1,64710
NUDC,10726
NUDT16L1,84309
NUDT21,11051
NUDT3,11165
NUDT4,11163
NUDT6,11162
NUMA1,4926
NUMB,8650
NUMBL,9253
NUP107,57122
NUP133,55746
NUP153,9972
NUP155,9631
NUP188,23511
NUP205,23165
NUP210,23225
NUP214,8021
NUP35,129401
NUP43,348995
NUP50,10762
NUP62,23636
NUP85,79902
NUP88,4927
NUP93,9688
NUP98,4928
NUPL2,11097
NUPR1,26471
NUS1,116150
NUSAP1,51203
NUTF2,10204
NXF1,10482
NXF3,56000
NXPH1,30010
NXPH3,11248
NXT1,29107
NYS3,4934
OA24,474188
OAS1,4938
OAZ1,4946
OBFC2B,79035
OBSCN,84033
OCA2,4948
OCLN,4950
ODC1,4953
ODF1,4956
ODF2,4957
OED,4961
OFC1,4963
OFD1,8481
OGFR,11054
OGG1,4968
OLFM4,10562
OLIG2,10215
OLIG3,167826
OLR1,4973
OMD,4958
OMG,4974
ONECUT1,3175
OPHN1,4983
OPN1LW,5956
OPN1MW,2652
OPN1SW,611
OPRD1,4985
OPRK1,4986
OPRL1,4987
OPRM1,4988
OPTN,10133
OR10A4,283297
ORAI1,84876
ORC1L,4998
ORC2L,4999
ORC3L,23595
ORC4L,5000
ORC5L,5001
ORC6L,23594
ORM1,5004
OS9,10956
OSBP,5007
OSBPL8,114882
OSCAR,126014
OSM,5008
OSMR,9180
OSTF1,26578
OTUD5,55593
OTUD7B,56957
OTX2,5015
OXSR1,9943
OXT,5020
OXTR,5021
P2RX1,5023
P2RX2,22953
P2RX3,5024
P2RX4,5025
P2RX5,5026
P2RX6,9127
P2RX7,5027
P2RY14,9934
P2RY2,5029
P4HB,5034
PA2G4,5036
PAAF1,80227
PABPC1,26986
PABPN1,8106
PAEP,5047
PAF1,54623
PAFAH1B1,5048
PAG1,55824
PAGE4,9506
PAIP1,10605
PAIP2,51247
PAK1,5058
PAK2,5062
PAK3,5063
PAK4,10298
PAK6,56924
PAK7,57144
PALLD,23022
PAN2,9924
PAN3,255967
PAPOLA,10914
PAPPA,5069
PAPPA2,60676
PAQR3,152559
PAQR5,54852
PAR1,145624
PAR4,347745
PARD3,56288
PARD6A,50855
PARD6B,84612
PARD6G,84552
PARG,8505
PARK2,5071
PARK7,11315
PARP1,142
PARP10,84875
PARP14,54625
PARVA,55742
PARVB,29780
PARVG,64098
PATZ1,23598
PAWR,5074
PAX2,5076
PAX3,5077
PAX5,5079
PAX6,5080
PAX7,5081
PAX8,7849
PAXBP1,94104
PBK,55872
PBX1,5087
PBX2,5089
PC,5091
PCBD1,5092
PCBP2,5094
PCBP3,54039
PCBP4,57060
PCF11,51585
PCIF1,63935
PCK1,5105
PCK2,5106
PCLO,27445
PCM1,5108
PCMT1,5110
PCNA,5111
PCNAP1,359806
PCNAP2,359805
PCNP,57092
PCNT,5116
PCOLCE,5118
PCOS1,5120
PCSK1,5122
PCSK2,5126
PCSK4,54760
PCSK7,9159
PCSK9,255738
PCTP,58488
PCYT1A,5130
PCYT1B,9468
PDC,5132
PDCD1,5133
PDCD10,11235
PDCD1LG2,80380
PDCD2,5134
PDCD4,27250
PDCD5,9141
PDCD6,10016
PDCD6IP,10015
PDE1A,5136
PDE1B,5153
PDE1C,5137
PDE2A,5138
PDE3A,5139
PDE3B,5140
PDE4A,5141
PDE4B,5142
PDE4C,5143
PDE4D,5144
PDE5A,8654
PDE6A,5145
PDE6B,5158
PDE6C,5146
PDE6D,5147
PDE6G,5148
PDE6H,5149
PDE9A,5152
PDGFA,5154
PDGFB,5155
PDGFC,56034
PDGFD,80310
PDGFRA,5156
PDGFRB,5159
PDHA1,5160
PDHB,5162
PDHX,8050
PDIA2,64714
PDIA3,2923
PDIK1L,149420
PDK1,5163
PDK2,5164
PDK3,5165
PDLIM4,8572
PDLIM5,10611
PDPK1,5170
PDPN,10630
PDS5A,23244
PDX1,3651
PDYN,5173
PDZK1,5174
PEA15,8682
PEBP1,5037
PECAM1,5175
PEG10,23089
PEG3,5178
PELI1,57162
PELP1,27043
PEMT,10400
PENK,5179
PER1,5187
PER2,8864
PER3,8863
PERP,64065
PEX10,5192
PEX12,5193
PEX14,5195
PF4,5196
PF4V1,5197
PFDN2,5202
PFDN4,5203
PFDN5,5204
PFKFB1,5207
PFKFB3,5209
PFKL,5211
PFKM,5213
PFKP,5214
PFN1,5216
PFN2,5217
PFN3,345456
PFN4,375189
PGAM1,5223
PGAM5,192111
PGF,5228
PGK1,5230
PGLYRP1,8993
PGM1,5236
PGR,5241
PGRMC1,10857
PHAX,51808
PHB,5245
PHB2,11331
PHEX,5251
PHF17,79960
PHF21A,51317
PHGDH,26227
PHKA1,5255
PHKA2,5256
PHKB,5257
PHKG1,5260
PHKG2,5261
PHLDA2,7262
PHOSPHO1,162466
PHOX2B,8929
PHPT1,29085
PI3,5266
PI4K2A,55361
PI4KA,5297
PI4KB,5298
PIAS1,8554
PIAS2,9063
PIAS3,10401
PIAS4,51588
PICALM,8301
PICK1,9463
PIF1,80119
PIGR,5284
PIK3AP1,118788
PIK3C2A,5286
PIK3C2B,5287
PIK3C2G,5288
PIK3C3,5289
PIK3CA,5290
PIK3CB,5291
PIK3CD,5293
PIK3CG,5294
PIK3IP1,113791
PIK3R1,5295
PIK3R2,5296
PIK3R3,8503
PIK3R4,30849
PIK3R5,23533
PIKFYVE,200576
PILRB,29990
PIM1,5292
PIM2,11040
PIN1,5300
PINK1,65018
PINX1,54984
PIP4K2A,5305
PIP4K2B,8396
PIP4K2C,79837
PIP5K1A,8394
PIP5K1B,8395
PIP5K1C,23396
PIR,8544
PISD,23761
PITPNA,5306
PITPNM1,9600
PITRM1,10531
PITX1,5307
PITX2,5308
PKC,50818
PKD1,5310
PKD2L1,9033
PKIA,5569
PKLR,5313
PKM2,5315
PKMYT1,9088
PKN1,5585
PKN2,5586
PKN3,29941
PKNOX1,5316
PKP3,11187
PLA2G10,8399
PLA2G12A,81579
PLA2G12B,84647
PLA2G1B,5319
PLA2G2A,5320
PLA2G2C,391013
PLA2G2D,26279
PLA2G2E,30814
PLA2G2F,64600
PLA2G3,50487
PLA2G4A,5321
PLA2G4B,100137049
PLA2G4D,283748
PLA2G4E,123745
PLA2G4F,255189
PLA2G5,5322
PLA2G6,8398
PLA2G7,7941
PLAA,9373
PLAC1,10761
PLAGL1,5325
PLAGL2,5326
PLAT,5327
PLAU,5328
PLAUR,5329
PLCB1,23236
PLCB2,5330
PLCB3,5331
PLCB4,5332
PLCD1,5333
PLCD3,113026
PLCD4,84812
PLCE1,51196
PLCG1,5335
PLCG2,5336
PLCL1,5334
PLCZ1,89869
PLD1,5337
PLD2,5338
PLEC,5339
PLEKHA4,57664
PLEKHG6,55200
PLEKHM1,9842
PLEKHO1,51177
PLEKHO2,80301
PLF,450095
PLG,5340
PLIN1,5346
PLIN2,123
PLK1,5347
PLK1S1,55857
PLK2,10769
PLK3,1263
PLK4,10733
PLN,5350
PLOD1,5351
PLP1,5354
PLSCR1,5359
PLTP,5360
PLVAP,83483
PLXNA1,5361
PLXNA2,5362
PLXNA3,55558
PLXNA4,91584
PLXNB1,5364
PLXNB2,23654
PLXNB3,5365
PLXNC1,10154
PLXND1,23129
PMAIP1,5366
PMCH,5367
PMEPA1,56937
PMF1,11243
PML,5371
PMM2,5373
PMP2,5375
PMS2,5395
PNCK,139728
PNMA1,9240
PNOC,5368
PNPLA2,57104
PNPLA6,10908
PNRC1,10957
PODXL2,50512
POFUT1,23509
POGZ,23126
POLA1,5422
POLA2,23649
POLB,5423
POLD1,5424
POLD2,5425
POLD3,10714
POLD4,57804
POLDIP2,26073
POLE,5426
POLE2,5427
POLG,5428
POLH,5429
POLK,51426
POLL,27343
POLM,27434
POLR1A,25885
POLR1B,84172
POLR1C,9533
POLR1D,51082
POLR2A,5430
POLR2B,5431
POLR2C,5432
POLR2D,5433
POLR2E,5434
POLR2F,5435
POLR2G,5436
POLR2H,5437
POLR2I,5438
POLR2J,5439
POLR2K,5440
POLR2L,5441
POLR3A,11128
POLR3B,55703
POLR3D,661
POLR3E,55718
POLR3F,10621
POLR3H,171568
POLR3K,51728
POM121,9883
POMC,5443
POMP,51371
PON1,5444
POP7,10248
POR,5447
PORCN,64840
POSTN,10631
POU1F1,5449
POU2F1,5451
POU2F2,5452
POU3F2,5454
POU3F3,5455
POU4F1,5457
POU4F2,5458
POU5F1,5460
POU6F1,5463
PPA1,5464
PPAP2A,8611
PPAP2B,8613
PPAP2C,8612
PPAPDC1B,84513
PPARA,5465
PPARD,5467
PPARG,5468
PPARGC1A,10891
PPBP,5473
PPBPL1,728045
PPFIA1,8500
PPHLN1,51535
PPIA,5478
PPIB,5479
PPIE,10450
PPL,5493
PPM1A,5494
PPM1B,5495
PPM1D,8493
PPM1F,9647
PPM1G,5496
PPM1H,57460
PPM1J,333926
PPM1L,151742
PPM1M,132160
PPP1CA,5499
PPP1CB,5500
PPP1CC,5501
PPP1R12A,4659
PPP1R12B,4660
PPP1R13B,23368
PPP1R13L,10848
PPP1R14A,94274
PPP1R14B,26472
PPP1R14C,81706
PPP1R15A,23645
PPP1R1A,5502
PPP1R1B,84152
PPP1R3A,5506
PPP1R3B,79660
PPP1R3C,5507
PPP1R3D,5509
PPP1R8,5511
PPP1R9A,55607
PPP1R9B,84687
PPP2CA,5515
PPP2CB,5516
PPP2R1A,5518
PPP2R1B,5519
PPP2R2A,5520
PPP2R2B,5521
PPP2R2C,5522
PPP2R2D,55844
PPP2R3B,28227
PPP2R4,5524
PPP2R5A,5525
PPP2R5B,5526
PPP2R5C,5527
PPP2R5D,5528
PPP2R5E,5529
PPP3CA,5530
PPP3CB,5532
PPP3CC,5533
PPP3R1,5534
PPP3R2,5535
PPP4C,5531
PPP5C,5536
PPP6C,5537
PPRC1,23082
PPY,5539
PPYR1,5540
PQBP1,10084
PRAM1,84106
PRB3,5544
PRB4,5545
PRC1,9055
PRCP,5547
PRDM1,639
PRDM10,56980
PRDM15,63977
PRDM2,7799
PRDX1,5052
PRDX2,7001
PRDX3,10935
PRDX4,10549
PRDX5,25824
PREB,10113
PREX1,57580
PREX2,80243
PRF1,5551
PRG1,23574
PRG2,5553
PRICKLE1,144165
PRICKLE2,166336
PRIM1,5557
PRIM2,5558
PRKAA1,5562
PRKAA2,5563
PRKAB1,5564
PRKAB2,5565
PRKACA,5566
PRKACB,5567
PRKACG,5568
PRKAG1,5571
PRKAG2,51422
PRKAG3,53632
PRKAR1A,5573
PRKAR1B,5575
PRKAR2A,5576
PRKAR2B,5577
PRKCA,5578
PRKCB,5579
PRKCD,5580
PRKCE,5581
PRKCG,5582
PRKCH,5583
PRKCI,5584
PRKCQ,5588
PRKCSH,5589
PRKCZ,5590
PRKD1,5587
PRKD2,25865
PRKD3,23683
PRKDC,5591
PRKG1,5592
PRKG2,5593
PRKRA,8575
PRKRIR,5612
PRKX,5613
PRKY,5616
PRL,5617
PRLH,51052
PRLHR,2834
PRLR,5618
PRMT1,3276
PRMT2,3275
PRMT5,10419
PRMT6,55170
PRMT8,56341
PRND,23627
PRNP,5621
PROC,5624
PROCR,10544
PRODH,5625
PROK1,84432
PROK2,60675
PROKR1,10887
PROKR2,128674
PROM1,8842
PROP1,5626
PROS1,5627
PROX1,5629
PRPF4,9128
PRPF4B,8899
PRPF8,10594
PRR5,55615
PRRX1,5396
PRSS1,5644
PRSS2,5645
PRSS21,10942
PRSS3,5646
PRSS8,5652
PRTN3,5657
PSAP,5660
PSD,5662
PSEN1,5663
PSEN2,5664
PSENEN,55851
PSIP1,11168
PSMA1,5682
PSMA2,5683
PSMA3,5684
PSMA4,5685
PSMA5,5686
PSMA6,5687
PSMA7,5688
PSMA8,143471
PSMB1,5689
PSMB10,5699
PSMB11,122706
PSMB2,5690
PSMB3,5691
PSMB4,5692
PSMB5,5693
PSMB6,5694
PSMB7,5695
PSMB8,5696
PSMB9,5698
PSMC1,5700
PSMC2,5701
PSMC3,5702
PSMC3IP,29893
PSMC4,5704
PSMC5,5705
PSMC6,5706
PSMD1,5707
PSMD10,5716
PSMD11,5717
PSMD12,5718
PSMD13,5719
PSMD14,10213
PSMD2,5708
PSMD3,5709
PSMD4,5710
PSMD5,5711
PSMD6,9861
PSMD7,5713
PSMD8,5714
PSMD9,5715
PSME1,5720
PSME2,5721
PSME3,10197
PSME4,23198
PSMF1,9491
PSPC1,55269
PSPN,5623
PSTPIP1,9051
PTAFR,5724
PTBP1,5725
PTBP2,58155
PTCD1,26024
PTCH1,5727
PTCH2,8643
PTCRA,171558
PTDSS1,9791
PTEN,5728
PTGDR,5729
PTGDS,5730
PTGER1,5731
PTGER2,5732
PTGER3,5733
PTGES,9536
PTGES2,80142
PTGES3,10728
PTGFR,5737
PTGIR,5739
PTGIS,5740
PTGS1,5742
PTGS2,5743
PTH,5741
PTH1R,5745
PTH2R,5746
PTHLH,5744
PTK2,5747
PTK2B,2185
PTK6,5753
PTMA,5757
PTN,5764
PTP4A1,7803
PTP4A2,8073
PTP4A3,11156
PTPLAD1,51495
PTPN1,5770
PTPN11,5781
PTPN12,5782
PTPN13,5783
PTPN2,5771
PTPN22,26191
PTPN3,5774
PTPN4,5775
PTPN5,84867
PTPN6,5777
PTPN7,5778
PTPRA,5786
PTPRB,5787
PTPRC,5788
PTPRE,5791
PTPRF,5792
PTPRH,5794
PTPRJ,5795
PTPRK,5796
PTPRM,5797
PTPRN,5798
PTPRO,5800
PTPRR,5801
PTPRS,5802
PTPRU,10076
PTPRZ1,5803
PTRH1,138428
PTRH2,51651
PTTG1,9232
PTTG1IP,754
PTTG2,10744
PTX3,5806
PUM1,9698
PURA,5813
PVALB,5816
PVR,5817
PVRL1,5818
PVRL2,5819
PVRL3,25945
PVRL4,81607
PXK,54899
PXMP3,5828
PXN,5829
PYCARD,29108
PYCR1,5831
PYDC1,260434
PYGB,5834
PYGL,5836
PYGM,5837
PYGO1,26108
PYY,5697
PYY2,23615
PZP,5858
QKI,9444
QRFP,347148
QRFPR,84109
R3HDM2,22864
RA1,474221
RA2,474222
RA3,474223
RA4,474224
RAB11A,8766
RAB11B,9230
RAB11FIP1,80223
RAB11FIP2,22841
RAB11FIP3,9727
RAB11FIP4,84440
RAB11FIP5,26056
RAB14,51552
RAB1A,5861
RAB23,51715
RAB2A,5862
RAB38,23682
RAB3A,5864
RAB3GAP2,25782
RAB3IP,117177
RAB4A,5867
RAB5A,5868
RAB5B,5869
RAB5C,5878
RAB6A,5870
RAB7A,7879
RAB8A,4218
RABAC1,10567
RABEP1,9135
RABGEF1,27342
RAC1,5879
RAC2,5880
RAC3,5881
RACGAP1,29127
RAD1,5810
RAD17,5884
RAD21,5885
RAD23A,5886
RAD23B,5887
RAD50,10111
RAD51,5888
RAD52,5893
RAD54L2,23132
RAD9A,5883
RAE1,8480
RAET1E,135250
RAET1G,353091
RAET1L,154064
RAF1,5894
RAG1,5896
RAG2,5897
RALA,5898
RALB,5899
RALBP1,10928
RALGDS,5900
RAMP1,10267
RAMP2,10266
RAN,5901
RANBP1,5902
RANBP10,57610
RANBP2,5903
RANBP3,8498
RANBP9,10048
RANGAP1,5905
RAP1A,5906
RAP1B,5908
RAP1GAP,5909
RAP1GDS1,5910
RAP2A,5911
RAP2B,5912
RAPGEF1,2889
RAPGEF2,9693
RAPGEF3,10411
RAPGEF4,11069
RAPGEF5,9771
RARA,5914
RARB,5915
RARG,5916
RARRES2,5919
RARRES3,5920
RASA1,5921
RASA2,5922
RASA4,10156
RASAL1,8437
RASAL2,9462
RASD1,51655
RASGRF1,5923
RASGRF2,5924
RASGRP1,10125
RASGRP2,10235
RASGRP3,25780
RASGRP4,115727
RASSF1,11186
RASSF5,83593
RAVER1,125950
RB1,5925
RB1CC1,9821
RBBP4,5928
RBBP5,5929
RBBP7,5931
RBBP8,5932
RBBP9,10741
RBCK1,10616
RBL1,5933
RBL2,5934
RBM12,10137
RBM17,84991
RBM19,9904
RBM27,54439
RBM38,55544
RBM39,9584
RBM8A,9939
RBM9,23543
RBP1,5947
RBP2,5948
RBP3,5949
RBPJ,3516
RBPJL,11317
RBPMS,11030
RBX1,9978
RC3H1,149041
RCAN1,1827
RCBTB1,55213
RCC1,1104
RCHY1,25898
RCVRN,5957
RDBP,7936
RDX,5962
REC8,9985
RECK,8434
RECQL,5965
RECQL4,9401
REEP5,7905
REG4,83998
REL,5966
RELA,5970
RELB,5971
RELL2,285613
RELN,5649
RELT,84957
REN,5972
RENBP,5973
REPS1,85021
REPS2,9185
RERE,473
REST,5978
RET,5979
RETN,56729
RETNLB,84666
RFC1,5981
RFC2,5982
RFC3,5983
RFC4,5984
RFC5,5985
RFFL,117584
RFNG,5986
RFWD2,64326
RFX5,5993
RFXANK,8625
RFXAP,5994
RGMA,56963
RGMB,285704
RGNEF,64283
RGS1,5996
RGS13,6003
RGS14,10636
RGS16,6004
RGS19,10287
RGS2,5997
RGS4,5999
RGS6,9628
RGS9,8787
RGS9BP,388531
RHEB,6009
RHO,6010
RHOA,387
RHOB,388
RHOC,389
RHOD,29984
RHOF,54509
RHOG,391
RHOQ,23433
RHOU,58480
RICS,9743
RICTOR,253260
RIEG2,6012
RIMS1,22999
RIN1,9610
RIN2,54453
RING1,6015
RIOK1,83732
RIPK1,8737
RIPK2,8767
RIPK3,11035
RIT1,6016
RIT2,6014
RLN1,6013
RLN2,6019
RLN3,117579
RMI1,80010
RN7SK,125050
RN7SL1,6029
RNASE1,6035
RNASE2,6036
RNASE3,6037
RNASEH2C,84153
RNASEL,6041
RND3,390
RNF11,26994
RNF111,54778
RNF125,54941
RNF128,79589
RNF14,9604
RNF144B,255488
RNF25,64320
RNF4,6047
RNF41,10193
RNF43,54894
RNF7,9616
RNF8,9025
RNH1,6050
RNPS1,10921
RNU12,267010
RNY3,6085
ROBO1,6091
ROBO2,6092
ROBO3,64221
ROBO4,54538
ROCK1,6093
ROCK2,9475
ROR2,4920
RORA,6095
RORC,6097
ROS1,6098
RP1,6101
RP11-631M21.2,347688
RP6-213H19.1,51765
RPA1,6117
RPA2,6118
RPA3,6119
RPA4,29935
RPE,6120
RPH3A,22895
RPL10,6134
RPL10L,140801
RPL11,6135
RPL14,9045
RPL18,6141
RPL18A,6142
RPL19,6143
RPL21,6144
RPL22,6146
RPL23,9349
RPL23A,6147
RPL24,6152
RPL26,6154
RPL27A,6157
RPL28,6158
RPL29,6159
RPL3,6122
RPL30,6156
RPL31,6160
RPL34,6164
RPL35,11224
RPL36,25873
RPL37,6167
RPL38,6169
RPL39,6170
RPL39L,116832
RPL4,6124
RPL41,6171
RPL5,6125
RPL6,6128
RPL7,6129
RPL7A,6130
RPL8,6132
RPLP0,6175
RPLP1,6176
RPLP2,6181
RPN1,6184
RPN2,6185
RPRM,56475
RPS10,6204
RPS11,6205
RPS12,6206
RPS13,6207
RPS14,6208
RPS15,6209
RPS15A,6210
RPS16,6217
RPS17,6218
RPS18,6222
RPS19,6223
RPS19BP1,91582
RPS2,6187
RPS20,6224
RPS21,6227
RPS23,6228
RPS24,6229
RPS25,6230
RPS26,6231
RPS27,6232
RPS27A,6233
RPS27L,51065
RPS28,6234
RPS29,6235
RPS3,6188
RPS3A,6189
RPS4X,6191
RPS4Y1,6192
RPS5,6193
RPS6,6194
RPS6KA1,6195
RPS6KA2,6196
RPS6KA3,6197
RPS6KA4,8986
RPS6KA5,9252
RPS6KA6,27330
RPS6KB1,6198
RPS6KB2,6199
RPS6KL1,83694
RPS7,6201
RPS8,6202
RPS9,6203
RPSA,3921
RPTOR,57521
RRAD,6236
RRAGA,10670
RRAGB,10325
RRAGC,64121
RRAGD,58528
RRAS,6237
RRAS2,22800
RREB1,6239
RRM1,6240
RRM2,6241
RRM2B,50484
RRN3,54700
RSBN1,54665
RSF1,51773
RSL1D1,26156
RSPO1,284654
RTEL1,51750
RTKN,6242
RTN3,10313
RTN4,57142
RTN4R,65078
RUFY1,80230
RUNX1,861
RUNX1T1,862
RUNX2,860
RUNX3,864
RUVBL1,8607
RUVBL2,10856
RXFP1,59350
RXFP2,122042
RXFP3,51289
RXFP4,339403
RXRA,6256
RXRB,6257
RXRG,6258
RYBP,23429
RYK,6259
RYR1,6261
RYR2,6262
RYR3,6263
S100A1,6271
S100A10,6281
S100A11,6282
S100A12,6283
S100A2,6273
S100A4,6275
S100A6,6277
S100A7,6278
S100A8,6279
S100A9,6280
S100B,6285
S100P,6286
S1PR1,1901
S1PR2,9294
S1PR3,1903
S1PR4,8698
S1PR5,53637
SAA1,6288
SAE1,10055
SAFB,6294
SAFB2,9667
SAG,6295
SALL1,6299
SALL3,27164
SALL4,57167
SAMHD1,25939
SAP18,10284
SAP30,8819
SAR1A,56681
SAR1B,51128
SARM1,23098
SARNP,84324
SARS,6301
SART3,9733
SAT1,6303
SATB1,6304
SATB2,23314
SAV1,60485
SCAI,286205
SCAMP2,10066
SCAMP3,10067
SCAP,22937
SCARB1,949
SCARF1,8578
SCD,6319
SCD5,79966
SCG2,7857
SCGB1A1,7356
SCGB3A2,117156
SCIN,85477
SCLC1,7864
SCN3B,55800
SCN5A,6331
SCNN1A,6337
SCNN1B,6338
SCNN1D,6339
SCNN1G,6340
SCP2,6342
SCRIB,23513
SCT,6343
SCTR,6344
SCYL1,57410
SCYL2,55681
SCYL3,57147
SCZD1,6377
SDC1,6382
SDC2,6383
SDC3,9672
SDC4,6385
SDCBP,6386
SDCCAG8,10806
SDHB,6390
SDHC,6391
SDHD,6392
SDS,10993
SEC11A,23478
SEC11C,90701
SEC14L2,23541
SEC23A,10484
SEC63,11231
SEH1L,81929
SELE,6401
SELL,6402
SELP,6403
SELPLG,6404
SEMA3A,10371
SEMA3B,7869
SEMA3C,10512
SEMA3E,9723
SEMA3F,6405
SEMA4A,64218
SEMA4D,10507
SEMA5A,9037
SEMA6D,80031
SEMA7A,8482
SEMG1,6406
SENP1,29843
SENP2,59343
SENP3,26168
SENP5,205564
SENP8,123228
SERBP1,26135
SERPINA1,5265
SERPINA3,12
SERPINA4,5267
SERPINA5,5104
SERPINA6,866
SERPINB2,5055
SERPINB3,6317
SERPINB5,5268
SERPINB8,5271
SERPINB9,5272
SERPINC1,462
SERPIND1,3053
SERPINE1,5054
SERPINE2,5270
SERPINF1,5176
SERPINF2,5345
SERPING1,710
SERPINH1,871
SERPINI1,5274
SESN1,27244
SESN2,83667
SESN3,143686
SET,6418
SETBP1,26040
SETD2,29072
SETD7,80854
SETD8,387893
SETDB1,9869
SETDB2,83852
SF1,7536
SF3B1,23451
SF3B4,10262
SFI1,9814
SFMBT1,51460
SFN,2810
SFRP1,6422
SFRP2,6423
SFRP4,6424
SFRP5,6425
SFRS1,6426
SFRS12,140890
SFRS2,6427
SFRS3,6428
SFTPA1,653509
SFTPA2,729238
SFTPB,6439
SFTPC,6440
SFTPD,6441
SFXN3,81855
SGCB,6443
SGEF,26084
SGK1,6446
SGK2,10110
SGK3,23678
SGK494,124923
SGMS1,259230
SGOL1,151648
SGPL1,8879
SGSH,6448
SH2B1,25970
SH2B2,10603
SH2B3,10019
SH2D1A,4068
SH2D1B,117157
SH2D2A,9047
SH2D3C,10044
SH2D4A,63898
SH3BGRL,6451
SH3BP2,6452
SH3BP4,23677
SH3BP5,9467
SH3GL1,6455
SH3GL2,6456
SH3GL3,6457
SH3GLB1,51100
SH3GLB2,56904
SH3KBP1,30011
SH3RF3,344558
SHANK1,50944
SHANK3,85358
SHB,6461
SHBG,6462
SHC1,6464
SHC2,25759
SHC3,53358
SHC4,399694
SHFM1,7979
SHH,6469
SHISA5,51246
SHMT1,6470
SHOC2,8036
SHROOM1,134549
SHROOM4,57477
SIAH1,6477
SIAH2,6478
SIGIRR,59307
SIGLEC1,6614
SIGLEC10,89790
SIGLEC8,27181
SIGLEC9,27180
SIK1,150094
SIK2,23235
SIK3,23387
SIKE1,80143
SIL1,64374
SILV,6490
SIN3A,25942
SIN3B,23309
SIP1,8487
SIPA1,6494
SIRPA,140885
SIRT1,23411
SIRT3,23410
SIT1,27240
SIVA1,10572
SIX1,6495
SIX3,6496
SKAP1,8631
SKAP2,8935
SKI,6497
SKIL,6498
SKP1,6500
SKP2,6502
SLA,6503
SLA2,84174
SLAMF1,6504
SLBP,7884
SLC10A1,6554
SLC10A2,6555
SLC11A1,6556
SLC11A2,4891
SLC12A1,6557
SLC12A2,6558
SLC12A3,6559
SLC17A7,57030
SLC18A2,6571
SLC18A3,6572
SLC1A2,6506
SLC1A3,6507
SLC1A5,6510
SLC22A11,55867
SLC22A9,114571
SLC25A18,83733
SLC25A20,788
SLC25A22,79751
SLC25A3,5250
SLC25A4,291
SLC25A6,293
SLC26A3,1811
SLC26A4,5172
SLC27A1,376497
SLC27A4,10999
SLC2A1,6513
SLC2A14,144195
SLC2A2,6514
SLC2A3,6515
SLC2A4,6517
SLC2A4RG,56731
SLC30A7,148867
SLC3A2,6520
SLC48A1,55652
SLC4A1,6521
SLC4A1AP,22950
SLC5A5,6528
SLC5A7,60482
SLC6A13,6540
SLC6A3,6531
SLC6A8,6535
SLC7A5,8140
SLC9A1,6548
SLC9A3,6550
SLC9A3R1,9368
SLC9A3R2,9351
SLC9A5,6553
SLC9A8,23315
SLCO1B1,10599
SLCO6A1,133482
SLEB3,64695
SLEH1,170682
SLEN2,192679
SLIT1,6585
SLIT2,9353
SLK,9748
SLPI,6590
SLURP1,57152
SLX4,84464
SMAD1,4086
SMAD2,4087
SMAD3,4088
SMAD4,4089
SMAD5,4090
SMAD6,4091
SMAD7,4092
SMAD9,4093
SMARCA1,6594
SMARCA2,6595
SMARCA4,6597
SMARCA5,8467
SMARCAD1,56916
SMARCAL1,50485
SMARCB1,6598
SMARCC1,6599
SMARCC2,6601
SMARCD1,6602
SMARCD3,6604
SMARCE1,6605
SMC1A,8243
SMC1B,27127
SMC2,10592
SMC3,9126
SMC4,10051
SMCR7L,54471
SMG1,23049
SMG5,23381
SMN1,6606
SMN2,6607
SMNDC1,10285
SMO,6608
SMPD1,6609
SMPD2,6610
SMPD3,55512
SMPX,23676
SMR3A,26952
SMUG1,23583
SMURF1,57154
SMURF2,64750
SMYD1,150572
SMYD2,56950
SMYD3,64754
SNAI1,6615
SNAI2,6591
SNAI3,333929
SNAP25,6616
SNAPIN,23557
SNCA,6622
SNCAIP,9627
SNCB,6620
SNCG,6623
SND1,27044
SNF8,11267
SNIP1,79753
SNORA62,6044
SNORA73A,6080
SNORD12C,26765
SNORD87,641648
SNPH,9751
SNRK,54861
SNRNP70,6625
SNRPA,6626
SNRPA1,6627
SNRPB,6628
SNRPB2,6629
SNRPC,6631
SNRPD1,6632
SNRPD2,6633
SNRPD3,6634
SNRPE,6635
SNRPF,6636
SNRPG,6637
SNRPN,6638
SNTA1,6640
SNUPN,10073
SNW1,22938
SNX1,6642
SNX2,6643
SNX4,8723
SNX6,58533
SNX9,51429
SOAT1,6646
SOCS1,8651
SOCS2,8835
SOCS3,9021
SOCS4,122809
SOCS5,9655
SOCS6,9306
SOCS7,30837
SOD1,6647
SOD2,6648
SOD3,6649
SORBS1,10580
SORBS2,8470
SORBS3,10174
SORD,6652
SORL1,6653
SORT1,6272
SOS1,6654
SOS2,6655
SOST,50964
SOSTDC1,25928
SOX1,6656
SOX10,6663
SOX13,9580
SOX17,64321
SOX2,6657
SOX3,6658
SOX4,6659
SOX5,6660
SOX6,55553
SOX9,6662
SP1,6667
SP100,6672
SP3,6670
SP5,389058
SP7,121340
SPAG5,10615
SPAG7,9552
SPAG9,9043
SPARC,6678
SPARCL1,8404
SPATA13,221178
SPATA18,132671
SPCS1,28972
SPCS2,9789
SPCS3,60559
SPDEF,25803
SPDYA,245711
SPDYC,387778
SPEG,10290
SPEN,23013
SPG7,6687
SPHK1,8877
SPHK2,56848
SPHKAP,80309
SPI1,6688
SPINK9,643394
SPINT1,6692
SPN,6693
SPP1,6696
SPRED1,161742
SPRED2,200734
SPRY1,10252
SPRY2,10253
SPRY3,10251
SPRY4,81848
SPSB1,80176
SPTAN1,6709
SPTBN1,6711
SPTBN2,6712
SPTLC1,10558
SQSTM1,8878
SRA1,10011
SRC,6714
SRCAP,10847
SREBF1,6720
SREBF2,6721
SRF,6722
SRGAP1,57522
SRI,6717
SRL,6345
SRMS,6725
SRP14,6727
SRP19,6728
SRP54,6729
SRP68,6730
SRP72,6731
SRP9P1,653226
SRPK1,6732
SRPK2,6733
SRPR,6734
SRPRB,58477
SRR,63826
SRRM1,10250
SRSF10,10772
SRSF4,6429
SRSF6,6431
SRXN1,140809
SRY,6736
SSB,6741
SSBP3,23648
SSBP4,170463
SSH1,54434
SSH2,85464
SSH3,54961
SSNA1,8636
SSRP1,6749
SST,6750
SSTR1,6751
SSTR2,6752
SSTR3,6753
SSTR4,6754
SSTR5,6755
SSX1,6756
SSX2,6757
SSX2IP,117178
ST13,6767
ST14,6768
ST5,6764
ST6GAL1,6480
STAG1,10274
STAG2,10735
STAM,8027
STAM2,10254
STAMBP,10617
STAMBPL1,57559
STAP1,26228
STAP2,55620
STAR,6770
STARD3,10948
STAT1,6772
STAT2,6773
STAT3,6774
STAT4,6775
STAT5A,6776
STAT5B,6777
STAT6,6778
STAU1,6780
STC1,6781
STEAP1,26872
STEAP3,55240
STIL,6491
STIM1,6786
STIP1,10963
STK11,6794
STK11IP,114790
STK16,8576
STK17A,9263
STK24,8428
STK25,10494
STK3,6788
STK33,65975
STK36,27148
STK38,11329
STK38L,23012
STK39,27347
STK4,6789
STK40,83931
STMN1,3925
STMN2,11075
STON1,11037
STRADA,92335
STRADB,55437
STRAP,11171
STRN,6801
STUB1,10273
STX1A,6804
STX3,6809
STX4,6810
STXBP1,6812
STXBP4,252983
STXBP6,29091
STYK1,55359
SUB1,10923
SUCLA2,8803
SUFU,51684
SUGT1,10910
SULT1E1,6783
SULT2A1,6822
SUMF1,285362
SUMO1,7341
SUMO2,6613
SUMO3,6612
SUMO4,387082
SUPT3H,8464
SUPT4H1,6827
SUPT5H,6829
SUPT7L,9913
SUPV3L1,6832
SUV39H1,6839
SUZ12,23512
SV2A,9900
SV2B,9899
SV2C,22987
SVIL,6840
SYK,6850
SYN1,6853
SYN2,6854
SYNGAP1,8831
SYNJ1,8867
SYNJ2,8871
SYNJ2BP,55333
SYNM,23336
SYP,6855
SYT1,6857
SYT2,127833
SYT4,6860
SYT5,6861
SYVN1,84447
T,6862
TAC1,6863
TAC3,6866
TAC4,255061
TACC1,6867
TACC2,10579
TACC3,10460
TACR1,6869
TACR2,6865
TACR3,6870
TADA2B,93624
TADA3,10474
TAF1,6872
TAF10,6881
TAF11,6882
TAF12,6883
TAF13,6884
TAF1A,9015
TAF1B,9014
TAF1C,9013
TAF4,6874
TAF4B,6875
TAF5,6877
TAF5L,27097
TAF6,6878
TAF7,6879
TAF9,6880
TAGLN,6876
TAGLN2,8407
TAL1,6886
TALDO1,6888
TAM,8205
TANK,10010
TAOK1,57551
TAOK2,9344
TAOK3,51347
TAP1,6890
TAP2,6891
TAPBP,6892
TARBP1,6894
TARBP2,6895
TARDBP,23435
TAS2R38,5726
TASP1,55617
TAT,6898
TAX1BP3,30851
TBC1D10B,26000
TBC1D20,128637
TBC1D22A,25771
TBC1D4,9882
TBC1D7,51256
TBC1D9,23158
TBCD,6904
TBK1,29110
TBKBP1,9755
TBL1X,6907
TBL1XR1,79718
TBL1Y,90665
TBP,6908
TBR1,10716
TBX2,6909
TBX20,57057
TBX21,30009
TBX3,6926
TBXA2R,6915
TCAP,8557
TCEA1,6917
TCEAL1,9338
TCEAL6,158931
TCEB1,6921
TCEB2,6923
TCF12,6938
TCF3,6929
TCF4,6925
TCF7,6932
TCF7L1,83439
TCF7L2,6934
TDG,6996
TDGF1,6997
TDGF3,6998
TDRD1,56165
TEAD1,7003
TEC,100124696
TEC,7006
TEK,7010
TENC1,23371
TEP1,7011
TERC,7012
TERF1,7013
TERF2,7014
TERF2IP,54386
TERT,7015
TES,26136
TESK1,7016
TESK2,10420
TEX10,54881
TF,7018
TFAM,7019
TFAP2A,7020
TFAP2C,7022
TFCP2,7024
TFDP1,7027
TFDP2,7029
TFDP3,51270
TFE3,7030
TFEC,22797
TFF1,7031
TFF2,7032
TFF3,7033
TFIP11,24144
TFPI,7035
TFPI2,7980
TFRC,7037
TG,7038
TGFA,7039
TGFB1,7040
TGFB1I1,7041
TGFB2,7042
TGFB3,7043
TGFBI,7045
TGFBR1,7046
TGFBR2,7048
TGFBR3,7049
TGFBRAP1,9392
TGIF1,7050
TGM1,7051
TGM2,7052
TH,7054
TH1L,51497
THBD,7056
THBS1,7057
THBS2,7058
THBS3,7059
THBS4,7060
THEM4,117145
THOC1,9984
THOC4,10189
THPO,7066
THRA,7067
THY1,7070
TIA1,7072
TIAF1,9220
TIAM1,7074
TIAM2,26230
TICAM1,148022
TICAM2,353376
TIE1,7075
TIFA,92610
TIFAB,497189
TIMELESS,8914
TIMM23,100287932
TIMP1,7076
TIMP2,7077
TIMP3,7078
TIMP4,7079
TINAGL1,64129
TINF2,26277
TIPIN,54962
TIRAP,114609
TJAP1,93643
TJP1,7082
TJP2,9414
TJP3,27134
TK1,7083
TLE1,7088
TLE4,7091
TLK1,9874
TLN1,7094
TLN2,83660
TLR1,7096
TLR10,81793
TLR2,7097
TLR3,7098
TLR4,7099
TLR5,7100
TLR6,10333
TLR7,51284
TLR8,51311
TLR9,54106
TLX2,3196
TM7SF4,81501
TMBIM6,7009
TMC6,11322
TMED7-TICAM2,100302736
TMEFF2,23671
TMEM126A,84233
TMEM132D,121256
TMEM173,340061
TMEM8B,51754
TMF1,7110
TMPRSS11D,9407
TMPRSS2,7113
TMPRSS6,164656
TMSB4X,7114
TMSB4Y,9087
TMSL3,7117
TNC,3371
TNF,7124
TNFAIP3,7128
TNFAIP6,7130
TNFAIP8,25816
TNFRSF10A,8797
TNFRSF10B,8795
TNFRSF10C,8794
TNFRSF10D,8793
TNFRSF11A,8792
TNFRSF11B,4982
TNFRSF12A,51330
TNFRSF13B,23495
TNFRSF13C,115650
TNFRSF14,8764
TNFRSF17,608
TNFRSF18,8784
TNFRSF19,55504
TNFRSF1A,7132
TNFRSF1B,7133
TNFRSF21,27242
TNFRSF25,8718
TNFRSF4,7293
TNFRSF6B,8771
TNFRSF8,943
TNFRSF9,3604
TNFSF10,8743
TNFSF11,8600
TNFSF12,8742
TNFSF12-TNFSF13,407977
TNFSF13,8741
TNFSF13B,10673
TNFSF14,8740
TNFSF15,9966
TNFSF18,8995
TNFSF4,7292
TNFSF8,944
TNFSF9,8744
TNIK,23043
TNIP1,10318
TNIP2,79155
TNIP3,79931
TNK2,10188
TNKS,8658
TNN,63923
TNNI1,7135
TNNI3,7137
TNNI3K,51086
TNNT2,7139
TNPO1,3842
TNR,7143
TNS1,7145
TNXB,7148
TOB1,10140
TOB2,10766
TOLLIP,54472
TOM1,10043
TOP1,7150
TOP2A,7153
TOPBP1,11073
TOPORS,10210
TOR1A,1861
TOX,9760
TP53,7157
TP53AIP1,63970
TP53BP1,7158
TP53BP2,7159
TP53I3,9540
TP53INP1,94241
TP63,8626
TP73,7161
TPD52,7163
TPH1,7166
TPI1,7167
TPM1,7168
TPO,7173
TPP2,7174
TPPP,11076
TPPP3,51673
TPR,7175
TPSAB1,7177
TPT1,7178
TPX2,22974
TRA@,6955
TRADD,8717
TRAF1,7185
TRAF2,7186
TRAF3,7187
TRAF3IP2,10758
TRAF4,9618
TRAF5,7188
TRAF6,7189
TRAK2,66008
TRAP1,10131
TRAPPC9,83696
TRAT1,50852
TRB@,6957
TRD@,6964
TREH,11181
TREM1,54210
TREM2,54209
TREX1,11277
TRH,7200
TRHR,7201
TRIAP1,51499
TRIB2,28951
TRIB3,57761
TRIM11,81559
TRIM14,9830
TRIM16,10626
TRIM17,51127
TRIM21,6737
TRIM24,8805
TRIM25,7706
TRIM26,7726
TRIM27,5987
TRIM28,10155
TRIM29,23650
TRIM32,22954
TRIM36,55521
TRIM41,90933
TRIM44,54765
TRIO,7204
TRIOBP,11078
TRIP10,9322
TRIP12,9320
TRIP4,9325
TRIP6,7205
TRNAE1,7193
TRNAU1AP,54952
TRNH,4564
TRPC1,7220
TRPC3,7222
TRPC4AP,26133
TRPC5,7224
TRPC6,7225
TRPM6,140803
TRPM7,54822
TRPS1,7227
TRPV1,7442
TRPV4,59341
TRPV5,56302
TRPV6,55503
TRRAP,8295
TSC1,7248
TSC2,7249
TSC22D1,8848
TSC22D3,1831
TSC22D4,81628
TSG101,7251
TSGA14,95681
TSHB,7252
TSHR,7253
TSHZ1,10194
TSIX,9383
TSLP,85480
TSN,7247
TSNAX,7257
TSPAN1,10103
TSPAN12,23554
TSPYL2,64061
TSSK2,23617
TSSK3,81629
TSSK4,283629
TTBK1,84630
TTC1,7265
TTC5,91875
TTF1,7270
TTF2,8458
TTK,7272
TTN,7273
TTR,7276
TTRAP,51567
TTYH2,94015
TUB,7275
TUBA1A,7846
TUBA1B,10376
TUBA1C,84790
TUBA3C,7278
TUBA3D,113457
TUBA3E,112714
TUBA4A,7277
TUBA4B,80086
TUBA8,51807
TUBAL3,79861
TUBB,203068
TUBB1,81027
TUBB2A,7280
TUBB2B,347733
TUBB2C,10383
TUBB3,10381
TUBB4,10382
TUBB4Q,56604
TUBB6,84617
TUBBP3,326106
TUBG1,7283
TUFM,7284
TULP3,7289
TULP4,56995
TWIST1,7291
TWSG1,57045
TXK,7294
TXLNA,200081
TXN,7295
TXNIP,10628
TXNL4A,10907
TXNRD1,7296
TXNRD2,10587
TYK2,7297
TYMP,1890
TYMS,7298
TYR,7299
TYRO3,7301
TYROBP,7305
TYRP1,7306
U2AF1,7307
U2AF2,11338
UACA,55075
UBA1,7317
UBA3,9039
UBA5,79876
UBA52,7311
UBA7,7318
UBB,7314
UBC,7316
UBE2A,7319
UBE2B,7320
UBE2C,11065
UBE2D1,7321
UBE2D2,7322
UBE2D3,7323
UBE2E1,7324
UBE2E2,7325
UBE2F,140739
UBE2G1,7326
UBE2G2,7327
UBE2I,7329
UBE2L3,7332
UBE2L6,9246
UBE2M,9040
UBE2N,7334
UBE2S,27338
UBE2T,29089
UBE2V1,7335
UBE2V2,7336
UBE3A,7337
UBE3C,9690
UBE4A,9354
UBE4B,10277
UBL4A,8266
UBL4B,164153
UBQLN1,29979
UBQLN2,29978
UBR1,197131
UBR5,51366
UBTD2,92181
UBTF,7343
UBXN1,51035
UBXN6,80700
UCHL1,7345
UCHL5,51377
UCN,7349
UCN2,90226
UCN3,114131
UCP1,7350
UCP2,7351
UCP3,7352
UFD1L,7353
UGCG,7357
UGT1A6,54578
UGT2B4,7363
UHMK1,127933
UHRF1,29128
UHRF1BP1,54887
UHRF2,115426
UIMC1,51720
ULBP1,80329
ULBP2,80328
ULBP3,79465
ULK1,8408
ULK2,9706
ULK3,25989
UNC119,9094
UNC13B,10497
UNC45A,55898
UNC5A,90249
UNC5B,219699
UNC5C,8633
UNC5CL,222643
UNC5D,137970
UPF1,5976
UPF2,26019
UPF3B,65109
UPK3A,7380
URI1,8725
USF1,7391
USF2,7392
USP1,7398
USP11,8237
USP14,9097
USP18,11274
USP2,9099
USP28,57646
USP6NL,9712
USP7,7874
USP8,9101
UTP18,51096
UTRN,7402
UTS2,10911
UTS2R,2837
UVRAG,7405
UXT,8409
VAMP1,6843
VAMP2,6844
VAMP3,9341
VANGL1,81839
VANGL2,57216
VAPA,9218
VASP,7408
VAV1,7409
VAV2,7410
VAV3,10451
VCAM1,7412
VCAN,1462
VCL,7414
VCP,7415
VDAC1,7416
VDAC2,7417
VDR,7421
VEGFA,7422
VEGFB,7423
VEGFC,7424
VHL,7428
VHLL,391104
VIL1,7429
VIM,7431
VIP,7432
VIPR1,7433
VIPR2,7434
VLDLR,7436
VN1R1,57191
VPS24,51652
VPS25,84313
VPS28,51160
VPS36,51028
VPS37A,137492
VPS37B,79720
VPS37C,55048
VPS37D,155382
VPS39,23339
VPS4A,27183
VPS4B,9525
VRK1,7443
VRK2,7444
VRK3,51231
VSNL1,7447
VTA1,51534
VTN,7448
VTNR,7449
VUR,54113
VWA1,64856
VWCE,220001
VWF,7450
VWFP,7451
WARS,7453
WAS,7454
WASF1,8936
WASF2,10163
WASF3,10810
WASL,8976
WDR12,55759
WDR45B,56270
WDR48,57599
WDR77,79084
WEE1,7465
WEE2,494551
WG,474168
WHSC1,7468
WHSC2,7469
WIF1,11197
WIPF1,7456
WISP1,8840
WNK1,65125
WNK4,65266
WNT1,7471
WNT10A,80326
WNT10B,7480
WNT11,7481
WNT16,51384
WNT2,7472
WNT2B,7482
WNT3,7473
WNT3A,89780
WNT4,54361
WNT5A,7474
WNT5B,81029
WNT6,7475
WNT7A,7476
WNT7B,7477
WNT8A,7478
WNT8B,7479
WNT9A,7483
WNT9B,7484
WRAP53,55135
WRN,7486
WSN,7489
WT1,7490
WT2,7491
WWOX,51741
WWP1,11059
WWTR1,25937
XAB2,56949
XAF1,54739
XBP1,7494
XCL1,6375
XCL2,6846
XCR1,2829
XDH,7498
XIAP,331
XIST,7503
XPA,7507
XPC,7508
XPO1,7514
XPO5,57510
XPR1,9213
XRCC1,7515
XRCC4,7518
XRCC5,7520
XRCC6,2547
XRN1,54464
YAP1,10413
YARS,8565
YBX1,4904
YEATS4,8089
YES1,7525
YKT6,10652
YWHAB,7529
YWHAE,7531
YWHAG,7532
YWHAH,7533
YWHAQ,10971
YWHAZ,7534
YY1,7528
ZAK,51776
ZAP70,7535
ZBED1,9189
ZBP1,81030
ZBTB16,7704
ZBTB17,7709
ZBTB18,10472
ZBTB32,27033
ZBTB33,10009
ZBTB4,57659
ZBTB44,29068
ZBTB5,9925
ZBTB7A,51341
ZBTB7B,51043
ZC3H12A,80149
ZC3H7A,29066
ZCCHC10,54819
ZCCHC11,23318
ZCCHC12,170261
ZCCHC2,54877
ZCCHC8,55596
ZCRB1,85437
ZDHHC11,79844
ZEB1,6935
ZEB2,9839
ZFAND5,7763
ZFHX3,463
ZFP36,7538
ZFP36L1,677
ZFPM1,161882
ZFPM2,23414
ZFYVE20,64145
ZFYVE9,9372
ZG16B,124220
ZHX1,11244
ZHX2,22882
ZIC2,7546
ZIC3,7547
ZIC4,84107
ZIM2,23619
ZMAT2,153527
ZMAT3,64393
ZMIZ1,57178
ZMIZ2,83637
ZMYM3,9203
ZMYM4,9202
ZMYND10,51364
ZMYND11,10771
ZMYND8,23613
ZNF148,7707
ZNF160,90338
ZNF184,7738
ZNF197,10168
ZNF202,7753
ZNF213,7760
ZNF217,7764
ZNF221,7638
ZNF223,7766
ZNF224,7767
ZNF248,57209
ZNF259,8882
ZNF267,10308
ZNF274,10782
ZNF277,11179
ZNF280D,54816
ZNF295,49854
ZNF318,24149
ZNF319,57567
ZNF32,7580
ZNF345,25850
ZNF346,23567
ZNF384,171017
ZNF385A,25946
ZNF396,252884
ZNF397,84307
ZNF410,57862
ZNF414,84330
ZNF420,147923
ZNF461,92283
ZNF471,57573
ZNF485,220992
ZNF496,84838
ZNF502,91392
ZNF519,162655
ZNF521,25925
ZNF565,147929
ZNF597,146434
ZNF606,80095
ZNF626,199777
ZNF652,22834
ZNF653,115950
ZNF655,79027
ZNF671,79891
ZNF692,55657
ZNF746,155061
ZNF765,91661
ZNF784,147808
ZNF81,347344
ZNFX1,57169
ZNRD1,30834
ZRANB2,9406
ZSCAN1,284312
ZSCAN18,65982
ZW10,9183
ZYX,7791
ZZEF1,23140
